finance_id,payment_id,order_id,type,amount,created_at
fin_xCZkwPRQeNHpCq,pay_ABr1VjArnVgxwv,ord_NbrnTP3fAbnFbm,credit,32529.23,2026-02-16T12:09:00
fin_sjaSS8VFgM0Fmx,pay_4CqpIqK3yn9Ffc,ord_5QnuVdYXye4JSn,credit,25011.64,2026-03-17T11:04:00
fin_EHS2JpDzfOvz1d,pay_eVVhDIq2AnHTmt,ord_k754LEgw9YooJe,credit,36622.19,2026-03-11T15:22:00
fin_j7elKPoh3pKMzK,pay_d9Z850kEnydx9q,ord_OOdTXglHilC2eY,credit,42812.75,2026-01-09T08:26:00
fin_Zcui8kBRIg6Qjc,pay_FiveprBHs8YGPI,ord_G5mSoyPstUeC99,credit,3755.71,2026-01-19T04:30:00
fin_y8H6h8l7qgATtL,pay_j518Y2bTu5X1Yq,ord_wIAcw58cwQPvI2,credit,48694.47,2026-03-05T22:26:00
fin_YUPnmbpD0ezNmR,pay_Ph3FPuRIlPxUkJ,ord_FxJpRa5HSUPweP,credit,16576.98,2026-01-27T18:13:00
fin_zHzmA4KR1VxavU,pay_CGItUBY3A4Bj1B,ord_EpOaUVgAk7Gdp0,credit,22877.45,2026-03-10T09:25:00
fin_h6CpwL7SWktJ5J,pay_8H4KPfA1lquCu2,ord_07zUHLnnBbuQzk,credit,23422.77,2026-01-11T21:09:00
fin_Xv2Rra6fSEVQOE,pay_wFv0Yg7NZRBT7q,ord_4x6mKZpRsQXXJc,credit,26683.99,2026-02-26T10:26:00
fin_heEJQjY6fpIzKM,pay_tU6QlTrKVL8Zsw,ord_XfnQsKDGAUuRqp,credit,6120.73,2026-01-17T10:10:00
fin_HBL3TLboP1KbVY,pay_eaBKsoRRCQ5WMO,ord_Wx4sKAJd7gVMqf,credit,12069.27,2026-02-17T02:30:00
fin_Ix5F21rWz5FYrs,pay_Rr6YICtu8zF9OH,ord_JVkGBr9BY8Dztg,credit,8125.16,2026-02-05T03:14:00
fin_udwApzQlkLxQEK,pay_tD4x9XOj7h7ug0,ord_K9EjHvIHCtlRJo,credit,38799.67,2026-01-04T17:04:00
fin_cwi4uzmW2wFqk4,pay_mxDoJJ9s8OrJQU,ord_oNCP3CrHe69s7Q,credit,22896.11,2026-01-26T18:02:00
fin_zUjzgEz6cwB61g,pay_aHCPPKY6gob2I4,ord_67s1XDeUnPPy0I,credit,4606.11,2026-02-03T16:08:00
fin_3tjhMKSxLsFAXh,pay_WmZIKYoWWKr99H,ord_QH8wylh0CPNLbW,credit,12254.09,2026-01-11T17:26:00
fin_MNb5ZqlRtva1Jy,pay_eZffTYIKIuhvPU,ord_O2I1A3zZyTttp7,credit,34372.37,2026-02-10T11:28:00
fin_f0pKGytvukFhF4,pay_fBALznFvgQKGtn,ord_iNbUnAvwSWJfdj,credit,30930.13,2026-02-27T12:20:00
fin_4yWQdNuuIxp07L,pay_Q2N9u8tBDNXKve,ord_vTYYojmLVOkVEU,credit,38017.87,2026-02-08T07:15:00
fin_PoBrUBHtYDZw69,pay_TQGOAwwln6Eoie,ord_jfP4tOPhRfINuh,credit,35171.26,2026-03-22T19:28:00
fin_ZITGgrscAXCg4K,pay_fjBFZf4Y25zyxx,ord_CrxG7YXipN2Ig0,credit,42573.19,2026-01-25T07:03:00
fin_yYDcOr1cOqXByB,pay_b2cxxUweoOgKUi,ord_bFpiAMozPf8eGF,credit,49417.74,2026-02-17T06:12:00
fin_iwtr7blG4hWRnL,pay_tLAQvc1v9r86eN,ord_7vlQwXqfAA9lsg,credit,16463.2,2026-01-26T05:12:00
fin_Nl7A4dhjkuRv63,pay_0S5NXFhmiXbIwX,ord_R9miekS9Y79PRI,credit,14589.08,2026-01-26T14:18:00
fin_ohBid61z73Y5Sl,pay_c1f6VqnJMb3HNs,ord_0pNIhsHFk6jOSL,credit,42142.25,2026-02-18T02:08:00
fin_8KXSQbD7WWJSKk,pay_H0A2TVwyJmIeFV,ord_j9C2EfyCoKdrL0,credit,33658.78,2026-01-25T09:09:00
fin_JH3yvVjc7e5OUn,pay_0TRGI9Dx7CHHP1,ord_MM0jQb6gbtjQzW,credit,46034.0,2026-03-16T11:22:00
fin_r9HE60DlgkCplT,pay_aI5z52Dm7tO4fJ,ord_ZqIqgTod4noguD,credit,34091.48,2026-01-12T17:18:00
fin_QKWGGw4gZ3mHk0,pay_BquKJqwoPCjQ53,ord_XJUk13ZFfPliup,credit,13113.19,2026-01-21T02:25:00
fin_U8CSAxoCjl2VbO,pay_UJcvd95e5bzVV8,ord_BQSE3BdizIIPtb,credit,12797.42,2026-01-01T06:21:00
fin_iCdzzGypueBxHZ,pay_FrYTtLPtsiOnsd,ord_M63oeKBP2pcBHU,credit,38825.57,2026-01-12T22:19:00
fin_E4HNdc06PVz0oR,pay_h9DpLm4IWxHwqF,ord_dxLceXKPnm4s4n,credit,9582.18,2026-03-05T06:16:00
fin_34o3QJq5QrHOl0,pay_RA6l4GoMpvXe7C,ord_aFxMPMDEaIaGr8,credit,955.42,2026-03-11T09:08:00
fin_f6BVgfAIFgfILW,pay_SF8dBZvV7yVbq9,ord_amiYY5sIJ0PHxT,credit,39545.85,2026-02-28T19:16:00
fin_urWw5m9lVbT6mX,pay_AEeppMKmgs6uMX,ord_1azWSI9pGQkqqj,credit,8443.65,2026-01-24T13:11:00
fin_Ds5fZTvvWGvgSC,pay_5QHXw3HNfVOwOc,ord_Ze0XPispjAxBLK,credit,26764.93,2026-03-20T19:21:00
fin_KPtohxiyKJAEH4,pay_lNAbMmKyRmUYdg,ord_ecSbvgX5TFIuAC,credit,39908.01,2026-02-23T17:28:00
fin_B9WoYKvSNkimmd,pay_z0EfbVsrHkCUVI,ord_5kkrl0M17EmxIO,credit,20515.8,2026-02-11T23:04:00
fin_nAnqZuJJEvQdgW,pay_ORijtp0yiNMxeX,ord_vrHuRrq19Qf7W4,credit,49625.06,2026-03-15T23:25:00
fin_eILkvnU5MBn3ih,pay_POdMTUAffneKGB,ord_Ch1Ba7mQiOj5qO,credit,12594.42,2026-02-01T17:01:00
fin_VAyNHjfe58juKV,pay_FUsd37EgEKG895,ord_TvAXpNpLSr6b02,credit,10351.74,2026-02-21T18:05:00
fin_pDxj51I4TAtzSq,pay_Rk7GWSkhWq2VbY,ord_ONtB7op5hLdPOk,credit,731.98,2026-01-12T17:09:00
fin_53GRx8ffiYeJA7,pay_sWTpw89WTHXj5b,ord_exF3lX87eCr0uI,credit,497.66,2026-01-18T02:18:00
fin_iZxNNKqYbd3Bh4,pay_hwVCC0fYsRLn1j,ord_oqtXRTtqemWKjk,credit,23356.15,2026-02-04T16:23:00
fin_98gOqY4d9n0Xv0,pay_MMOE2DfxzNXp9H,ord_ZucCkJYybQknlr,credit,44182.85,2026-01-03T22:01:00
fin_RI3MwPYxTslaRJ,pay_kcdLbDuMXvlX1d,ord_0kKXR4bR6IIl92,credit,24662.11,2026-01-27T08:05:00
fin_3je68u93RAOLAd,pay_fRN2BqpepgaxT8,ord_0VJltYLNgEuevt,credit,31845.72,2026-03-24T04:29:00
fin_dyG7Q6Josy0cJG,pay_PLmbksf0tyEOfH,ord_u8zI5HOsfyIEda,credit,4472.66,2026-03-12T07:06:00
fin_1Q8osUVtTLfB4z,pay_p44eyyurC2WMGA,ord_J8j6B6knlceQmY,credit,7479.12,2026-02-20T18:14:00
fin_sGMKa970IKrQDu,pay_C4RqZFNhbxKl1K,ord_EGxdXeRzWGJk2m,credit,2975.61,2026-01-03T19:12:00
fin_2A2xKChdNJMDmh,pay_O9qzycRJlTnHW4,ord_rurO7OlGod1Yzt,credit,7082.48,2026-01-03T04:22:00
fin_ZssTKu39v3wl64,pay_tdCmVJjWWiAAAD,ord_QGz1j9v939i1lf,credit,16698.21,2026-01-16T02:01:00
fin_QDoafgJE6WeS4N,pay_gZchBhpRmQaAgG,ord_zoTiTKkwOc2pHd,credit,49734.54,2026-02-26T11:20:00
fin_GRfPpvPx0I9dNj,pay_kwBM2fYly7qx0X,ord_C8qdY20wPAh03a,credit,7005.88,2026-02-25T05:21:00
fin_Hxg3EYUzpmh0nZ,pay_Et8UbzcIZX7N3I,ord_001eEo8dnNzoCX,credit,22460.12,2026-03-15T02:21:00
fin_SQ5iS8lHNSVIK6,pay_0DF5kJThyL2Fx8,ord_luUcNPh3CKF7aT,credit,27705.99,2026-02-06T22:30:00
fin_OUHLW7slQlkFxA,pay_0QsUcYg1T1UIoW,ord_SP3H2AagxddqW8,credit,34201.18,2026-01-13T11:26:00
fin_SbGVFFEsOtff8V,pay_eRG7GWjHzv2Pus,ord_IiKpuSjjud5MPE,credit,28676.58,2026-01-31T13:25:00
fin_jnUX0sNs271O7a,pay_CufdXIJoqyNAbP,ord_HMnNnQZmZ2TAYe,credit,34333.57,2026-01-03T00:18:00
fin_pnTB0iT2CwsIkL,pay_ZmlX0059CIsegS,ord_2icJyHfnTTn40i,credit,9281.24,2026-02-22T15:16:00
fin_4wDCc8uRGZZqHk,pay_q3HOjy3K1iFfwa,ord_01iHq2eebFbKzK,credit,45324.55,2026-02-17T01:08:00
fin_vCKoxgm1FAjfDM,pay_oFrjjLYOzuhPDK,ord_OwOZGx4Gv1EDLF,credit,7034.52,2026-01-15T03:21:00
fin_wrQUzWDwIptvRT,pay_6DVvX4ZJApV4fL,ord_cWFhDiLZ3WOGwc,credit,26537.84,2026-01-20T13:18:00
fin_WvyKGTefrZ4v7r,pay_ZDLfqwLS5yOr7d,ord_1OUBRknyuIRRj7,credit,364.0,2026-01-08T18:25:00
fin_6Q4EmT2mmpMjg5,pay_BxDpvWQ31DpxWn,ord_Lm5Jqzges6X72Y,credit,28787.2,2026-03-01T05:23:00
fin_rliJogqoAxj7jX,pay_yUhGA6cv1WChGt,ord_PPMVHcDME931E9,credit,45808.74,2026-01-24T21:01:00
fin_evtOSLy3W6UGBk,pay_fUqwIYvzvQLJOH,ord_kE90GSWsIJyQdY,credit,23879.32,2026-02-23T17:25:00
fin_oftzjaGVirHQEU,pay_qjO2tprMiZbP1u,ord_0hopUUnyf6DdVG,credit,49801.09,2026-01-09T20:16:00
fin_pVBTcCVG8DQtuN,pay_oV4YQrUYz0lrNM,ord_sVXLXHl2BpSOZn,credit,4052.57,2026-02-23T08:09:00
fin_IHEJHuD1L1jGBY,pay_p8KQQjVpEQu8Vd,ord_c6GpNm31nhNukr,credit,6070.51,2026-03-09T08:12:00
fin_YXdMGTZenGgoxl,pay_IMuNgGeZi2mEgJ,ord_HCWFT2MwMtd7Yl,credit,34192.89,2026-03-07T08:27:00
fin_4FJJfCjq3ppsJJ,pay_j9Bvt9uxVATLIn,ord_OJ6IIUVJPRAgXI,credit,25284.17,2026-02-26T02:25:00
fin_qyARVDmyJI9Gpq,pay_vYz11oOLaWxscH,ord_neuDE3RYfNcYxW,credit,46101.39,2026-01-29T12:05:00
fin_dmRqC6eOP4wgs2,pay_cYmxU0gd651YaR,ord_AQJgzwlvOVkvYX,credit,31196.79,2026-02-07T14:04:00
fin_miHX1tRGi98i54,pay_yjvvMo8FYM23Yb,ord_x8FS4ELfm7ISc5,credit,15315.88,2026-02-11T19:18:00
fin_1EuCpzcTxtLUKG,pay_jlib9MLLKobeWi,ord_tI6ht2TV2zzB53,credit,46669.18,2026-01-24T08:28:00
fin_wGxXF6xxV4JOj1,pay_2Vrks4Q4COfFlK,ord_2WGBZc9GyTIFNd,credit,14629.85,2026-02-03T23:29:00
fin_GRLgTM9DQ59rLt,pay_LEnOCBLa2rMYml,ord_lSAtVBMhimMpC1,credit,27220.71,2026-01-01T11:02:00
fin_8rb8M0JyK1URtb,pay_TmMzcvXnNQpesI,ord_G9viIGNElLR8ab,credit,31310.49,2026-01-11T01:25:00
fin_tBhjqaMFmvtiRr,pay_vD2tuVg8G9mcy1,ord_zEoC6nsgWW4BbD,credit,25052.71,2026-01-17T05:04:00
fin_rvJFzSgIesCKop,pay_BwumVYe5VJfXRg,ord_peMvBiDPgdAlKK,credit,41825.1,2026-03-01T16:10:00
fin_S49KLF00d38aI8,pay_KCIYk7egYVxEOf,ord_jDemRA8JvRkPTS,credit,41853.73,2026-01-10T18:27:00
fin_JRhDQiT88WCe3f,pay_j9PieaSEB9fNzC,ord_grbAKMSzAnkiI0,credit,18078.37,2026-02-05T14:26:00
fin_olGc97KYZUzxOT,pay_8skRLsWqNJJOsT,ord_DT7eNXtdvWDFDT,credit,21108.7,2026-03-23T23:01:00
fin_aggBnrlbf6OZ6N,pay_i1a5BQ7Qc4N7A4,ord_kJ0dqYdCDD65oQ,credit,19564.52,2026-01-23T09:28:00
fin_OacyjuyaRVDzTY,pay_VQPVpWrdy9qYle,ord_Rh1iO3J73RpC6N,credit,46142.5,2026-01-24T14:30:00
fin_cRikdtXCkKYgEX,pay_eCVOkcxlR3NwfN,ord_eoxQWhH9usd9Ow,credit,42681.77,2026-01-30T00:24:00
fin_E6MWvaohGfwVHn,pay_qUkwkpKiXNxj2f,ord_nXAY8Qu8JiZXVK,credit,16841.64,2026-01-11T07:01:00
fin_SN8mhQdi0Ckv2L,pay_3CgdHjbFeoBJzU,ord_VOrmXQ8DkPcNrA,credit,16781.3,2026-03-10T16:29:00
fin_8CiRl2MRaMxQGs,pay_pAn5643zc9TFAy,ord_WNLk81f1E9KZrT,credit,36835.33,2026-01-22T01:26:00
fin_6Y6e3Ce3r7grRE,pay_wkIeRm8ohD6J7n,ord_URLJmQMu5F4wdx,credit,23321.11,2026-01-04T11:24:00
fin_JBwmRP8jB8Hhb5,pay_uJOWEPGICJ3tWo,ord_2GMs8HivBNsd2o,credit,47377.69,2026-02-25T00:12:00
fin_0wxrv82fTB9XrX,pay_4BQT3iIty0BfdN,ord_V65j8HFOs38U9P,credit,39998.85,2026-03-04T04:19:00
fin_UKJ1MDRhFJ0kdt,pay_qkCJ4mZrEZsKET,ord_8A3iKfmD19e7Uf,credit,20532.09,2026-03-20T00:08:00
fin_tn8AVgbEAmcOKD,pay_ut0XqRwHviirWz,ord_2ikqA4wrG6FVlf,credit,37656.16,2026-02-16T09:30:00
fin_iVRIcuhrLt8BIs,pay_jFToJgJanlr3H8,ord_4csafhLKmPbjUr,credit,29029.59,2026-01-31T01:04:00
fin_deQ8xQjMfeUVXm,pay_8T3kwmm0zoAEVV,ord_1le0DQl9EgBOfi,credit,20091.15,2026-02-20T09:19:00
fin_A9zdpotfQ1hkHc,pay_OW2kAtyVJEIHDI,ord_PEqv1H7bA4xtxC,credit,1739.7,2026-02-17T12:06:00
fin_MCVlbR1Jn7UC6H,pay_VvMwBE0W0Hrc9y,ord_OAFAbDbtJtgEQm,credit,24886.9,2026-03-11T05:08:00
fin_3P2y00oJFhPJWG,pay_0qrjQoojbXtE9A,ord_MVAJMGwjjQsAtZ,credit,3314.93,2026-01-18T08:29:00
fin_54s6Us1jBtYNWq,pay_KEx6tAQ726wSYb,ord_EfLVtZTXU6ngnr,credit,20477.94,2026-03-15T15:29:00
fin_n65OM48mRkyAqf,pay_CbdNNXiyMtfjG8,ord_eWET5uA4gjqeAT,credit,27431.61,2026-01-28T21:27:00
fin_EvDfSAqt8E8rwA,pay_AmnZTllXb8oBpK,ord_w6hSA5CPhSl1Wr,credit,24758.99,2026-01-12T02:21:00
fin_Ka8O6uTT7JndNu,pay_ocqRB95cwREE01,ord_3qZ5GBkTE6I5NB,credit,9527.11,2026-01-05T15:04:00
fin_s9QspAJI4FFzCS,pay_sXT54LwfwmByqL,ord_de7xyl71f0kWrU,credit,32737.81,2026-01-11T06:03:00
fin_RlbDio01HfVjAh,pay_Mq72llUL2gHahk,ord_YwKVbTCW0czRtS,credit,37891.98,2026-02-08T09:16:00
fin_0SD2Syz6OwD8km,pay_TKIsEEKLQYESGA,ord_3TBEbBpsZyug0A,credit,20842.73,2026-02-12T07:11:00
fin_jsBFTgOui0BzVp,pay_Z3bdAMhnpvwc2q,ord_QfDkjEX6EoI9wq,credit,33878.7,2026-01-15T21:05:00
fin_LjzN3MMBvYOW2f,pay_7GQ6BVSGeuyVAy,ord_YvFfxUwPjUAoXz,credit,20524.54,2026-02-09T03:02:00
fin_fAinePyIW2KN9Q,pay_VT9gdxMvcOhsTC,ord_HyS2GHnFtvNb3H,credit,13008.64,2026-03-13T00:08:00
fin_FCBB1uXPzoyH73,pay_7LzhJcjx9sEXiK,ord_6TzkFEC8FGRCcj,credit,27995.43,2026-03-20T15:02:00
fin_kMubdytzuxZhmU,pay_UFbOG7rmZ0JfHt,ord_TO1RJXRIhIlMJd,credit,28555.19,2026-01-17T03:19:00
fin_N8RqPtn7u4i5La,pay_VOhJB0FWiHkp77,ord_KEUxhdCzEzo2q7,credit,33787.36,2026-01-22T00:18:00
fin_OJQJeheqJoGWlQ,pay_ZwkVRaC6Bnbr5w,ord_akIREyf2OH3YBh,credit,48604.75,2026-02-02T02:03:00
fin_YGoeLBfBh84x3Q,pay_EGcSc4Htyu2Y9n,ord_9QHpIC6N6d6A9q,credit,34040.66,2026-02-09T19:23:00
fin_WjtvwaKQdFZ1Am,pay_axX2Mv6WCulgKe,ord_WdXdLAgdd0yMz1,credit,39394.99,2026-02-23T05:26:00
fin_8922ei5XlxxL8p,pay_4E5NQCnDVYYxyZ,ord_m4WvPR8LuJ7Mzk,credit,22769.67,2026-03-09T08:01:00
fin_CMACzXtxloOwf0,pay_Mky2UxGlSGD7DK,ord_cMlHWudX2082mf,credit,23586.3,2026-02-26T14:21:00
fin_BIxJh6aYZvzQzW,pay_9UT4asYWzzJODF,ord_FNW5gecmmusYQr,credit,35311.57,2026-01-12T18:25:00
fin_imARDL6KFQraid,pay_xDu7NskPlZLbm4,ord_HubW5j7uNLL18m,credit,19592.74,2026-02-15T14:13:00
fin_CeRUxU1yah4uUE,pay_0zlMAxORfRc2j2,ord_yYG42CJTr2CRSs,credit,30690.07,2026-03-11T02:18:00
fin_kkzguIlmH6hnwk,pay_qBlS3HBcNGPOgQ,ord_eIp6iY0kbgsHye,credit,38203.09,2026-02-27T19:15:00
fin_iEmxNoS9B2itWc,pay_0k7L8RQ8RuN2t0,ord_ytyCeYOwensL8g,credit,26855.46,2026-03-20T16:16:00
fin_ALAj7DVAf4sHIk,pay_tBa1elNimfKZ5o,ord_XzYUoTvmd49XRn,credit,43648.02,2026-02-14T11:03:00
fin_6jpJPkhfSxR8e4,pay_8xENKzc5xJmBp4,ord_xsrIDuSm4a1Txz,credit,20849.43,2026-02-03T16:24:00
fin_ksxrvKDPgdUaK9,pay_iU5yt9YaeRGOTk,ord_2kAQFH2KTU51gJ,credit,39896.94,2026-03-11T11:12:00
fin_ETXv66DORgxLS1,pay_yL82Xa1yZ5bhG6,ord_gGaL9V5DuAw39Y,credit,47055.45,2026-02-26T18:25:00
fin_08twQXGLnyHCi6,pay_UOfASj53VnpD3h,ord_2WSbEfZ99C37DH,credit,12243.46,2026-01-15T13:05:00
fin_yiUJX0RCkiRsin,pay_ns7dYjS05nT5W1,ord_ZECLjPXRLt9h9R,credit,23966.31,2026-03-12T17:24:00
fin_fKx9RshuS1HzRy,pay_hFuAjSphysKkUW,ord_UTaTJQ9j6A05f8,credit,9063.68,2026-01-05T11:26:00
fin_ci1niIKrTAIqOk,pay_XhhmjI0c8FwHA6,ord_YWGdZHYOUmOh1R,credit,365.67,2026-02-08T03:01:00
fin_L3k6yvT8GK0Dha,pay_j9AbLehgHeNwuq,ord_C6P6imNqNOSIOF,credit,8285.75,2026-03-12T02:28:00
fin_M4USRUpT6Z2GLL,pay_r7GS5oNfsV0Neo,ord_FjhxTdS8RpLRl9,credit,39943.6,2026-02-12T20:03:00
fin_2RgriAubP678hE,pay_01rDqaNy557F35,ord_7P2Gne0F7Axxh4,credit,12563.28,2026-02-16T00:29:00
fin_5AMfdzsNouDFNs,pay_oQv8TArEVpjFpV,ord_EQhUWyTTZi7Xhv,credit,781.08,2026-02-28T09:28:00
fin_5FbLRhcJXRTyQ1,pay_ugPQViwYUKLorK,ord_qrvztccdUnD4gl,credit,47421.58,2026-02-01T00:03:00
fin_TrpaO16KSQ6pML,pay_q0sqhnHsN6ri2d,ord_8kUxWyqljnR2XC,credit,35416.93,2026-02-14T19:08:00
fin_HY0fiV3YtDpHqH,pay_lETObklyLeep48,ord_mBumN1yBTAjDEC,credit,40798.34,2026-01-16T00:04:00
fin_WjjBX8YhATiuhV,pay_Zgkgg7wMh553Ll,ord_bcHg2zanoxvr5Q,credit,34369.64,2026-03-03T00:17:00
fin_RAdgKDKjjipaZz,pay_KAJQURoa9bI75d,ord_vED8LNi65xIHEH,credit,11582.71,2026-01-08T03:12:00
fin_geL0brHeLUtINc,pay_aZQ2IZ4FRAj8G8,ord_VDiG6DSBNagdNL,credit,8761.65,2026-01-14T16:05:00
fin_1A3VymLejMEXi1,pay_iPu3FFWbXD1cjQ,ord_q8JIWct6awrymU,credit,36311.84,2026-03-25T02:03:00
fin_t9ERDrcjDNtbLx,pay_VB568EwrzMQBFM,ord_H8Wfft5krwflVp,credit,23715.72,2026-01-22T20:11:00
fin_35EtXPqS961NNJ,pay_An3ld3A7sm6DHW,ord_6wADd17QqNfezs,credit,35639.11,2026-03-16T08:23:00
fin_5gBKcrAnCxmDh7,pay_1ROCzvHGVhkAkK,ord_cUlRWLnnlQ7wws,credit,15417.57,2026-03-11T21:18:00
fin_4ZjtfbaVjMH8Jb,pay_4cbX0GTtkJAIyM,ord_4zYRTaxnr2qZXz,credit,12153.57,2026-03-18T19:13:00
fin_9EMHjT5lbbFj1h,pay_MNJgCKgr3fEwZy,ord_T8NWlOnm0TYxqd,credit,4239.87,2026-01-13T06:16:00
fin_yhYAlpnxitaQSn,pay_pm0S7gXKkmSABK,ord_nunT6qD7vIsUEF,credit,20057.11,2026-01-17T11:09:00
fin_WEcs9EN406gnZi,pay_ttmXE9AhkuxJrN,ord_JtoernnIS6YPJO,credit,34138.38,2026-02-07T03:28:00
fin_e8danYlgmKG1Vt,pay_euLYqkiCh1U37z,ord_91SofSYYHaQd2c,credit,2495.37,2026-01-26T23:15:00
fin_ndcqegoMSygT2q,pay_gCggbCqDGvhIvn,ord_CjF4nw81FWlrkt,credit,43504.59,2026-02-25T07:13:00
fin_EwavS3W13KgQTb,pay_uC7PAb82kVavDa,ord_mWvrKTfFRDs4ot,credit,3565.79,2026-01-16T23:28:00
fin_acrKdsAOapvr1P,pay_H492k4vuK6rlJR,ord_81OiEpT8wUm7N7,credit,43869.49,2026-02-27T22:27:00
fin_fi4WJxM32d0hPC,pay_35LkB2XiVpzmss,ord_Vjfq9mKfnDvYNA,credit,48348.65,2026-01-09T08:30:00
fin_EPyRgzAbCIasN3,pay_dmiTEnP0st9aEQ,ord_VG0fq9gKYJQ1hK,credit,25589.96,2026-03-03T04:04:00
fin_5tRx9JmpBrmkYY,pay_jOIC1iWO5e0D7L,ord_Mc47DSr8w1FvRy,credit,3232.01,2026-02-25T23:06:00
fin_FydRgD4qbuquVi,pay_lmZFw30XBM2JhG,ord_lKNPmY3wzHelT4,credit,32147.4,2026-02-12T08:04:00
fin_v4ofazUYHcX2pd,pay_53DiSgEnvDW2o5,ord_HT5P2oe64RVc86,credit,29947.57,2026-02-22T06:01:00
fin_ZqKs7d0xbxBnxO,pay_w4nS6WsOGqRFd3,ord_dBrtL39iyOOe6m,credit,35292.23,2026-03-11T09:23:00
fin_YLhJtqlCBC7D0n,pay_ATTdgySQ16CJJG,ord_HObV64UuZqUnbS,credit,31114.37,2026-03-15T21:06:00
fin_3x6sbwsjKgntSU,pay_OlFBtIo798a00H,ord_d6rLtdlVr1hNjM,credit,2574.03,2026-01-10T18:02:00
fin_5p4PPLXvhzFjE2,pay_zT0GdDGBqZsppV,ord_WS6xKOjVO779J9,credit,31553.19,2026-03-04T15:12:00
fin_xBFK6gsvI3J0Au,pay_44vyISh33KM9cT,ord_mlCkzVSDg1Zbke,credit,25793.36,2026-02-15T04:12:00
fin_Rt5A5Xt0O2cNai,pay_k6qLgorfIFkLc3,ord_tliYT9nGJMgrhq,credit,22001.95,2026-03-17T13:18:00
fin_RVDXEzosF3WdVq,pay_LScQMNovG7202P,ord_x6PqjYTrm261Ua,credit,3456.34,2026-02-17T14:16:00
fin_crbNQcUYxyY21e,pay_8LiH6bxWuvVddn,ord_tyBy4qTvYtzJkm,credit,31301.8,2026-03-22T21:18:00
fin_1EpiMDSJoVptuj,pay_qmqODsf7ID4Hpb,ord_FRTbUH4fKyZ1WA,credit,37199.82,2026-01-26T18:16:00
fin_LDnuU95kSDtlD9,pay_5AehaGhm1h2EMG,ord_tJzaQUXHtOtRF1,credit,49638.49,2026-01-07T22:05:00
fin_u3dFBPuFhIxxDt,pay_1KsMzpHOejTrqg,ord_aRmfCfMKeN2val,credit,14280.96,2026-03-19T18:26:00
fin_fZhBSt1r0OTuP3,pay_l11VvAM25lx59m,ord_GG2076ZS0IEWQI,credit,21827.13,2026-01-30T17:12:00
fin_wwVGZQk6KjJ9AO,pay_rmFkUZaqvvJRJC,ord_3k9SwaPzPdlVjq,credit,8712.0,2026-01-04T19:04:00
fin_V3FAV7ybF5276m,pay_KxxKcRN1aAuOg4,ord_Qrv8IUqFnnq5GN,credit,23812.97,2026-02-09T20:10:00
fin_b2lowFaLyeoEcs,pay_l1BSjIWajgIynD,ord_8Uiu78tVXCkaj2,credit,15133.99,2026-01-07T20:13:00
fin_KmYTCdrhEw3Qpu,pay_g1XatJxCE7yVsq,ord_fxljtPDq7lyGgX,credit,17379.71,2026-03-04T12:21:00
fin_9MHXRdJn5rQlFc,pay_iE3vCM445YJcuc,ord_sYHlwbuNKwcTpf,credit,4819.17,2026-03-04T00:20:00
fin_KMJzVUrU9xHx6h,pay_rSZKNuy5avvBCU,ord_ylramWOrCWNgnR,credit,11130.78,2026-02-22T04:07:00
fin_upJDfwU2OI10kw,pay_27VtHy1ECZB5lr,ord_yngr1V98Ivn3rV,credit,31550.76,2026-02-26T16:18:00
fin_g0UJXSwOipDquR,pay_XZ24pSeUQzGDxW,ord_2k65us3mCpL9X8,credit,25060.73,2026-01-10T11:09:00
fin_O1DExPenmjLThm,pay_ws6jNDBsURjsxN,ord_CRUUvQuBprciGb,credit,44020.51,2026-02-18T02:01:00
fin_eDBDgKLsaA4SBN,pay_HT28dJppTQOpQC,ord_EJNaUYW3TwcM7F,credit,13646.53,2026-03-24T01:02:00
fin_W0Lj78OWWq5D1s,pay_ItB86Et8DkeAs5,ord_KNU9pzqNuDrOqG,credit,17123.0,2026-02-27T20:15:00
fin_uHOIYQiV1RT7wV,pay_YmPpZbAxITXMBq,ord_iuvUBAyzVz8vX8,credit,38375.73,2026-01-02T15:03:00
fin_lJCWT63ysMyatj,pay_G4FbBbFXWEJNTJ,ord_Untowm8qL5iNAX,credit,39925.04,2026-03-12T23:18:00
fin_gCaXy1v6ZA0s9f,pay_L0WH7utomsAq6n,ord_1KVHOmY53SJljt,credit,5134.73,2026-02-15T12:12:00
fin_ja3f9gD81HiLNt,pay_nTsMZzkGjYPw5W,ord_NyD6rOuipJhjRV,credit,3152.95,2026-03-10T11:01:00
fin_JDvMYJCnMHhrV5,pay_USrMppTsSCKG9q,ord_D3hOwMSDU0mni6,credit,11355.04,2026-01-08T00:29:00
fin_83Di6apIt5M7dz,pay_8ZhShvCI678lY2,ord_u3pYEIPPvGdwN7,credit,6398.79,2026-01-20T09:17:00
fin_Vng9LLw1PZ7AN1,pay_TKPmiruNGGVLoB,ord_iYVY6pWOylZe7r,credit,44642.66,2026-01-11T12:27:00
fin_4nlNuszbC3wQv7,pay_9ZELJL1PcgZNgf,ord_rSrpFAZ8fgXpEK,credit,33314.86,2026-01-09T20:25:00
fin_fS4P0jvvix0T2X,pay_uMTZoZgSNtElxq,ord_rWuRNVjI1OTUWk,credit,25041.84,2026-01-08T14:23:00
fin_f49RHgZovR8Ynq,pay_apbLZzIJz0KM38,ord_M8unZpj9bnRn2B,credit,40595.11,2026-01-13T09:24:00
fin_ltkApfqmvOfCfp,pay_J6TSER69nCHPuJ,ord_ZCBKe9bBO3DRdv,credit,47741.24,2026-01-24T13:29:00
fin_5HyBhIuwoYlzw4,pay_Mlnv24LJ3R2ljY,ord_2dIQfa9ausXJxe,credit,8702.41,2026-02-24T07:01:00
fin_2TGlwR4g63Semm,pay_iVsMzxEEtEyEWr,ord_5Y4R0gGPtGJGyH,credit,10126.51,2026-01-28T08:22:00
fin_lu6pQ5yHrJghZ2,pay_jLMq5QS3t6O4za,ord_Na5mQ5aoYZ99Zx,credit,41905.59,2026-01-04T19:27:00
fin_geGbSStc3Qaady,pay_BVPF8VScaj1pkC,ord_6IEh9DgoZlVXoM,credit,21961.62,2026-01-13T04:29:00
fin_uPiGpSJ6TWwC1X,pay_v9C5jHwiNk792w,ord_J1VcHbZDJxQx4o,credit,24579.06,2026-01-22T08:01:00
fin_mjn0w4KZDRrgI3,pay_lBRxPqUIjyWmzD,ord_xtyDHC471zmu3O,credit,46862.39,2026-02-06T20:28:00
fin_a3zk0lrG4E4dot,pay_2DDVK9wBJBbEPv,ord_jzHMjID8Q48PjB,credit,37808.11,2026-01-12T13:11:00
