order_id,amount,currency,status,created_at
ord_NbrnTP3fAbnFbm,32529.23,INR,paid,2026-02-16T12:00:00
ord_5QnuVdYXye4JSn,25011.64,INR,paid,2026-03-17T11:00:00
ord_k754LEgw9YooJe,36622.19,INR,paid,2026-03-11T15:00:00
ord_OOdTXglHilC2eY,42812.75,INR,paid,2026-01-09T08:00:00
ord_G5mSoyPstUeC99,3755.71,INR,paid,2026-01-19T04:00:00
ord_wIAcw58cwQPvI2,48694.47,INR,paid,2026-03-05T22:00:00
ord_FxJpRa5HSUPweP,16576.98,INR,paid,2026-01-27T18:00:00
ord_EpOaUVgAk7Gdp0,22877.45,INR,paid,2026-03-10T09:00:00
ord_07zUHLnnBbuQzk,23422.77,INR,paid,2026-01-11T21:00:00
ord_4x6mKZpRsQXXJc,26683.99,INR,refund_expected,2026-02-26T10:00:00
ord_XfnQsKDGAUuRqp,6120.73,INR,created,2026-01-17T10:00:00
ord_Wx4sKAJd7gVMqf,12069.27,INR,paid,2026-02-17T02:00:00
ord_JVkGBr9BY8Dztg,8125.16,INR,paid,2026-02-05T03:00:00
ord_K9EjHvIHCtlRJo,38799.67,INR,paid,2026-01-04T17:00:00
ord_oNCP3CrHe69s7Q,22896.11,INR,paid,2026-01-26T18:00:00
ord_67s1XDeUnPPy0I,4606.11,INR,paid,2026-02-03T16:00:00
ord_QH8wylh0CPNLbW,12254.09,INR,paid,2026-01-11T17:00:00
ord_O2I1A3zZyTttp7,34372.37,INR,paid,2026-02-10T11:00:00
ord_iNbUnAvwSWJfdj,30930.13,INR,paid,2026-02-27T12:00:00
ord_vTYYojmLVOkVEU,38017.87,INR,paid,2026-02-08T07:00:00
ord_jfP4tOPhRfINuh,35171.26,INR,refund_expected,2026-03-22T19:00:00
ord_CrxG7YXipN2Ig0,42573.19,INR,paid,2026-01-25T07:00:00
ord_bFpiAMozPf8eGF,49417.74,INR,paid,2026-02-17T06:00:00
ord_7vlQwXqfAA9lsg,16463.2,INR,paid,2026-01-26T05:00:00
ord_R9miekS9Y79PRI,14589.08,INR,paid,2026-01-26T14:00:00
ord_0pNIhsHFk6jOSL,42142.25,INR,paid,2026-02-18T02:00:00
ord_j9C2EfyCoKdrL0,33658.78,INR,paid,2026-01-25T09:00:00
ord_MM0jQb6gbtjQzW,46034.0,INR,paid,2026-03-16T11:00:00
ord_ZqIqgTod4noguD,34091.48,INR,paid,2026-01-12T17:00:00
ord_XJUk13ZFfPliup,13113.19,INR,paid,2026-01-21T02:00:00
ord_BQSE3BdizIIPtb,12797.42,INR,paid,2026-01-01T06:00:00
ord_M63oeKBP2pcBHU,38825.57,INR,paid,2026-01-12T22:00:00
ord_dxLceXKPnm4s4n,9582.18,INR,paid,2026-03-05T06:00:00
ord_aFxMPMDEaIaGr8,955.42,INR,refund_expected,2026-03-11T09:00:00
ord_amiYY5sIJ0PHxT,39545.85,INR,paid,2026-02-28T19:00:00
ord_1azWSI9pGQkqqj,8443.65,INR,paid,2026-01-24T13:00:00
ord_Ze0XPispjAxBLK,26764.93,INR,paid,2026-03-20T19:00:00
ord_ecSbvgX5TFIuAC,39908.01,INR,paid,2026-02-23T17:00:00
ord_5kkrl0M17EmxIO,20515.8,INR,paid,2026-02-11T23:00:00
ord_vrHuRrq19Qf7W4,49625.06,INR,paid,2026-03-15T23:00:00
ord_Ch1Ba7mQiOj5qO,12594.42,INR,paid,2026-02-01T17:00:00
ord_TvAXpNpLSr6b02,10351.74,INR,paid,2026-02-21T18:00:00
ord_ONtB7op5hLdPOk,731.98,INR,paid,2026-01-12T17:00:00
ord_exF3lX87eCr0uI,497.66,INR,paid,2026-01-18T02:00:00
ord_oqtXRTtqemWKjk,23356.15,INR,paid,2026-02-04T16:00:00
ord_ZucCkJYybQknlr,44182.85,INR,paid,2026-01-03T22:00:00
ord_0kKXR4bR6IIl92,24662.11,INR,paid,2026-01-27T08:00:00
ord_0VJltYLNgEuevt,31845.72,INR,paid,2026-03-24T04:00:00
ord_u8zI5HOsfyIEda,4472.66,INR,paid,2026-03-12T07:00:00
ord_J8j6B6knlceQmY,7479.12,INR,paid,2026-02-20T18:00:00
ord_EGxdXeRzWGJk2m,2975.61,INR,paid,2026-01-03T19:00:00
ord_rurO7OlGod1Yzt,7082.48,INR,paid,2026-01-03T04:00:00
ord_QGz1j9v939i1lf,16698.21,INR,paid,2026-01-16T02:00:00
ord_zoTiTKkwOc2pHd,49734.54,INR,paid,2026-02-26T11:00:00
ord_C8qdY20wPAh03a,7005.88,INR,paid,2026-02-25T05:00:00
ord_001eEo8dnNzoCX,22460.12,INR,paid,2026-03-15T02:00:00
ord_luUcNPh3CKF7aT,27705.99,INR,paid,2026-02-06T22:00:00
ord_SP3H2AagxddqW8,34201.18,INR,paid,2026-01-13T11:00:00
ord_IiKpuSjjud5MPE,28676.58,INR,paid,2026-01-31T13:00:00
ord_HMnNnQZmZ2TAYe,34333.57,INR,paid,2026-01-03T00:00:00
ord_2icJyHfnTTn40i,9281.24,INR,paid,2026-02-22T15:00:00
ord_01iHq2eebFbKzK,45324.55,INR,paid,2026-02-17T01:00:00
ord_OwOZGx4Gv1EDLF,7034.52,INR,paid,2026-01-15T03:00:00
ord_cWFhDiLZ3WOGwc,26537.84,INR,paid,2026-01-20T13:00:00
ord_1OUBRknyuIRRj7,364.0,INR,paid,2026-01-08T18:00:00
ord_Lm5Jqzges6X72Y,28787.2,INR,paid,2026-03-01T05:00:00
ord_PPMVHcDME931E9,45808.74,INR,paid,2026-01-24T21:00:00
ord_kE90GSWsIJyQdY,23879.32,INR,paid,2026-02-23T17:00:00
ord_0hopUUnyf6DdVG,49801.09,INR,paid,2026-01-09T20:00:00
ord_sVXLXHl2BpSOZn,4052.57,INR,paid,2026-02-23T08:00:00
ord_c6GpNm31nhNukr,6070.51,INR,paid,2026-03-09T08:00:00
ord_HCWFT2MwMtd7Yl,34192.89,INR,paid,2026-03-07T08:00:00
ord_OJ6IIUVJPRAgXI,25284.17,INR,paid,2026-02-26T02:00:00
ord_neuDE3RYfNcYxW,46101.39,INR,paid,2026-01-29T12:00:00
ord_AQJgzwlvOVkvYX,31196.79,INR,paid,2026-02-07T14:00:00
ord_x8FS4ELfm7ISc5,15315.88,INR,paid,2026-02-11T19:00:00
ord_tI6ht2TV2zzB53,46669.18,INR,paid,2026-01-24T08:00:00
ord_2WGBZc9GyTIFNd,14629.85,INR,paid,2026-02-03T23:00:00
ord_lSAtVBMhimMpC1,27220.71,INR,paid,2026-01-01T11:00:00
ord_G9viIGNElLR8ab,31310.49,INR,paid,2026-01-11T01:00:00
ord_zEoC6nsgWW4BbD,25052.71,INR,paid,2026-01-17T05:00:00
ord_peMvBiDPgdAlKK,41825.1,INR,paid,2026-03-01T16:00:00
ord_jDemRA8JvRkPTS,41853.73,INR,paid,2026-01-10T18:00:00
ord_grbAKMSzAnkiI0,18078.37,INR,paid,2026-02-05T14:00:00
ord_DT7eNXtdvWDFDT,21108.7,INR,paid,2026-03-23T23:00:00
ord_kJ0dqYdCDD65oQ,19564.52,INR,created,2026-01-23T09:00:00
ord_Rh1iO3J73RpC6N,46142.5,INR,refund_expected,2026-01-24T14:00:00
ord_eoxQWhH9usd9Ow,42681.77,INR,paid,2026-01-30T00:00:00
ord_nXAY8Qu8JiZXVK,16841.64,INR,paid,2026-01-11T07:00:00
ord_VOrmXQ8DkPcNrA,16781.3,INR,paid,2026-03-10T16:00:00
ord_WNLk81f1E9KZrT,36835.33,INR,paid,2026-01-22T01:00:00
ord_URLJmQMu5F4wdx,23321.11,INR,paid,2026-01-04T11:00:00
ord_2GMs8HivBNsd2o,47377.69,INR,paid,2026-02-25T00:00:00
ord_V65j8HFOs38U9P,39998.85,INR,paid,2026-03-04T04:00:00
ord_8A3iKfmD19e7Uf,20532.09,INR,paid,2026-03-20T00:00:00
ord_2ikqA4wrG6FVlf,37656.16,INR,paid,2026-02-16T09:00:00
ord_4csafhLKmPbjUr,29029.59,INR,paid,2026-01-31T01:00:00
ord_1le0DQl9EgBOfi,20091.15,INR,paid,2026-02-20T09:00:00
ord_PEqv1H7bA4xtxC,1739.7,INR,paid,2026-02-17T12:00:00
ord_OAFAbDbtJtgEQm,24886.9,INR,paid,2026-03-11T05:00:00
ord_MVAJMGwjjQsAtZ,3314.93,INR,paid,2026-01-18T08:00:00
ord_EfLVtZTXU6ngnr,20477.94,INR,paid,2026-03-15T15:00:00
ord_eWET5uA4gjqeAT,27431.61,INR,paid,2026-01-28T21:00:00
ord_w6hSA5CPhSl1Wr,24758.99,INR,paid,2026-01-12T02:00:00
ord_3qZ5GBkTE6I5NB,9527.11,INR,paid,2026-01-05T15:00:00
ord_de7xyl71f0kWrU,32737.81,INR,paid,2026-01-11T06:00:00
ord_YwKVbTCW0czRtS,37891.98,INR,paid,2026-02-08T09:00:00
ord_3TBEbBpsZyug0A,20842.73,INR,paid,2026-02-12T07:00:00
ord_QfDkjEX6EoI9wq,33878.7,INR,paid,2026-01-15T21:00:00
ord_YvFfxUwPjUAoXz,20524.54,INR,paid,2026-02-09T03:00:00
ord_HyS2GHnFtvNb3H,13008.64,INR,created,2026-03-13T00:00:00
ord_6TzkFEC8FGRCcj,27995.43,INR,paid,2026-03-20T15:00:00
ord_TO1RJXRIhIlMJd,28555.19,INR,paid,2026-01-17T03:00:00
ord_KEUxhdCzEzo2q7,33787.36,INR,paid,2026-01-22T00:00:00
ord_akIREyf2OH3YBh,48604.75,INR,paid,2026-02-02T02:00:00
ord_9QHpIC6N6d6A9q,34040.66,INR,paid,2026-02-09T19:00:00
ord_WdXdLAgdd0yMz1,39394.99,INR,paid,2026-02-23T05:00:00
ord_m4WvPR8LuJ7Mzk,22769.67,INR,created,2026-03-09T08:00:00
ord_cMlHWudX2082mf,23586.3,INR,paid,2026-02-26T14:00:00
ord_FNW5gecmmusYQr,35311.57,INR,paid,2026-01-12T18:00:00
ord_HubW5j7uNLL18m,19592.74,INR,paid,2026-02-15T14:00:00
ord_yYG42CJTr2CRSs,30690.07,INR,paid,2026-03-11T02:00:00
ord_eIp6iY0kbgsHye,38203.09,INR,paid,2026-02-27T19:00:00
ord_ytyCeYOwensL8g,26855.46,INR,paid,2026-03-20T16:00:00
ord_XzYUoTvmd49XRn,43648.02,INR,paid,2026-02-14T11:00:00
ord_xsrIDuSm4a1Txz,20849.43,INR,paid,2026-02-03T16:00:00
ord_2kAQFH2KTU51gJ,39896.94,INR,paid,2026-03-11T11:00:00
ord_gGaL9V5DuAw39Y,47055.45,INR,paid,2026-02-26T18:00:00
ord_2WSbEfZ99C37DH,12243.46,INR,paid,2026-01-15T13:00:00
ord_ZECLjPXRLt9h9R,23966.31,INR,paid,2026-03-12T17:00:00
ord_UTaTJQ9j6A05f8,9063.68,INR,paid,2026-01-05T11:00:00
ord_YWGdZHYOUmOh1R,365.67,INR,paid,2026-02-08T03:00:00
ord_C6P6imNqNOSIOF,8285.75,INR,paid,2026-03-12T02:00:00
ord_FjhxTdS8RpLRl9,39943.6,INR,paid,2026-02-12T20:00:00
ord_7P2Gne0F7Axxh4,12563.28,INR,paid,2026-02-16T00:00:00
ord_EQhUWyTTZi7Xhv,781.08,INR,paid,2026-02-28T09:00:00
ord_qrvztccdUnD4gl,47421.58,INR,paid,2026-02-01T00:00:00
ord_8kUxWyqljnR2XC,35416.93,INR,paid,2026-02-14T19:00:00
ord_mBumN1yBTAjDEC,40798.34,INR,paid,2026-01-16T00:00:00
ord_bcHg2zanoxvr5Q,34369.64,INR,paid,2026-03-03T00:00:00
ord_vED8LNi65xIHEH,11582.71,INR,paid,2026-01-08T03:00:00
ord_VDiG6DSBNagdNL,8761.65,INR,paid,2026-01-14T16:00:00
ord_q8JIWct6awrymU,36311.84,INR,paid,2026-03-25T02:00:00
ord_H8Wfft5krwflVp,23715.72,INR,paid,2026-01-22T20:00:00
ord_6wADd17QqNfezs,35639.11,INR,paid,2026-03-16T08:00:00
ord_cUlRWLnnlQ7wws,15417.57,INR,paid,2026-03-11T21:00:00
ord_4zYRTaxnr2qZXz,12153.57,INR,paid,2026-03-18T19:00:00
ord_T8NWlOnm0TYxqd,4239.87,INR,paid,2026-01-13T06:00:00
ord_nunT6qD7vIsUEF,20057.11,INR,paid,2026-01-17T11:00:00
ord_JtoernnIS6YPJO,34138.38,INR,paid,2026-02-07T03:00:00
ord_91SofSYYHaQd2c,2495.37,INR,paid,2026-01-26T23:00:00
ord_CjF4nw81FWlrkt,43504.59,INR,paid,2026-02-25T07:00:00
ord_mWvrKTfFRDs4ot,3565.79,INR,paid,2026-01-16T23:00:00
ord_81OiEpT8wUm7N7,43869.49,INR,paid,2026-02-27T22:00:00
ord_Vjfq9mKfnDvYNA,48348.65,INR,paid,2026-01-09T08:00:00
ord_VG0fq9gKYJQ1hK,25589.96,INR,paid,2026-03-03T04:00:00
ord_Mc47DSr8w1FvRy,3232.01,INR,paid,2026-02-25T23:00:00
ord_lKNPmY3wzHelT4,32147.4,INR,paid,2026-02-12T08:00:00
ord_HT5P2oe64RVc86,29947.57,INR,paid,2026-02-22T06:00:00
ord_dBrtL39iyOOe6m,35292.23,INR,paid,2026-03-11T09:00:00
ord_HObV64UuZqUnbS,31114.37,INR,paid,2026-03-15T21:00:00
ord_d6rLtdlVr1hNjM,2574.03,INR,paid,2026-01-10T18:00:00
ord_WS6xKOjVO779J9,31553.19,INR,paid,2026-03-04T15:00:00
ord_mlCkzVSDg1Zbke,25793.36,INR,paid,2026-02-15T04:00:00
ord_tliYT9nGJMgrhq,22001.95,INR,paid,2026-03-17T13:00:00
ord_x6PqjYTrm261Ua,3456.34,INR,paid,2026-02-17T14:00:00
ord_tyBy4qTvYtzJkm,31301.8,INR,paid,2026-03-22T21:00:00
ord_FRTbUH4fKyZ1WA,37199.82,INR,paid,2026-01-26T18:00:00
ord_tJzaQUXHtOtRF1,49638.49,INR,created,2026-01-07T22:00:00
ord_aRmfCfMKeN2val,14280.96,INR,paid,2026-03-19T18:00:00
ord_GG2076ZS0IEWQI,21827.13,INR,paid,2026-01-30T17:00:00
ord_3k9SwaPzPdlVjq,8712.0,INR,paid,2026-01-04T19:00:00
ord_Qrv8IUqFnnq5GN,23812.97,INR,refund_expected,2026-02-09T20:00:00
ord_8Uiu78tVXCkaj2,15133.99,INR,paid,2026-01-07T20:00:00
ord_fxljtPDq7lyGgX,17379.71,INR,paid,2026-03-04T12:00:00
ord_sYHlwbuNKwcTpf,4819.17,INR,paid,2026-03-04T00:00:00
ord_ylramWOrCWNgnR,11130.78,INR,paid,2026-02-22T04:00:00
ord_yngr1V98Ivn3rV,31550.76,INR,paid,2026-02-26T16:00:00
ord_2k65us3mCpL9X8,25060.73,INR,paid,2026-01-10T11:00:00
ord_CRUUvQuBprciGb,44020.51,INR,paid,2026-02-18T02:00:00
ord_EJNaUYW3TwcM7F,13646.53,INR,paid,2026-03-24T01:00:00
ord_KNU9pzqNuDrOqG,17123.0,INR,paid,2026-02-27T20:00:00
ord_iuvUBAyzVz8vX8,38375.73,INR,paid,2026-01-02T15:00:00
ord_Untowm8qL5iNAX,39925.04,INR,paid,2026-03-12T23:00:00
ord_1KVHOmY53SJljt,5134.73,INR,paid,2026-02-15T12:00:00
ord_NyD6rOuipJhjRV,3152.95,INR,paid,2026-03-10T11:00:00
ord_D3hOwMSDU0mni6,11355.04,INR,paid,2026-01-08T00:00:00
ord_u3pYEIPPvGdwN7,6398.79,INR,paid,2026-01-20T09:00:00
ord_iYVY6pWOylZe7r,44642.66,INR,paid,2026-01-11T12:00:00
ord_rSrpFAZ8fgXpEK,33314.86,INR,refund_expected,2026-01-09T20:00:00
ord_rWuRNVjI1OTUWk,25041.84,INR,paid,2026-01-08T14:00:00
ord_M8unZpj9bnRn2B,40595.11,INR,paid,2026-01-13T09:00:00
ord_ZCBKe9bBO3DRdv,47741.24,INR,paid,2026-01-24T13:00:00
ord_2dIQfa9ausXJxe,8702.41,INR,paid,2026-02-24T07:00:00
ord_5Y4R0gGPtGJGyH,10126.51,INR,paid,2026-01-28T08:00:00
ord_Na5mQ5aoYZ99Zx,41905.59,INR,paid,2026-01-04T19:00:00
ord_6IEh9DgoZlVXoM,21961.62,INR,paid,2026-01-13T04:00:00
ord_J1VcHbZDJxQx4o,24579.06,INR,paid,2026-01-22T08:00:00
ord_xtyDHC471zmu3O,46862.39,INR,paid,2026-02-06T20:00:00
ord_jzHMjID8Q48PjB,37808.11,INR,paid,2026-01-12T13:00:00
