payment_id,order_id,amount,currency,status,method,created_at
pay_ABr1VjArnVgxwv,ord_NbrnTP3fAbnFbm,32529.23,INR,captured,upi,2026-02-16T12:09:00
pay_4CqpIqK3yn9Ffc,ord_5QnuVdYXye4JSn,25011.64,INR,captured,card,2026-03-17T11:04:00
pay_eVVhDIq2AnHTmt,ord_k754LEgw9YooJe,36700.44,INR,captured,netbanking,2026-03-11T15:22:00
pay_d9Z850kEnydx9q,ord_OOdTXglHilC2eY,42812.75,INR,captured,wallet,2026-01-09T08:26:00
pay_FiveprBHs8YGPI,ord_G5mSoyPstUeC99,4084.64,INR,captured,upi,2026-01-19T04:30:00
pay_j518Y2bTu5X1Yq,ord_wIAcw58cwQPvI2,48694.47,INR,captured,upi,2026-03-05T22:26:00
pay_Ph3FPuRIlPxUkJ,ord_FxJpRa5HSUPweP,16576.98,INR,captured,upi,2026-01-27T18:13:00
pay_CGItUBY3A4Bj1B,ord_EpOaUVgAk7Gdp0,22877.45,INR,captured,card,2026-03-10T09:25:00
pay_8H4KPfA1lquCu2,ord_07zUHLnnBbuQzk,23422.77,INR,captured,wallet,2026-01-11T21:09:00
pay_wFv0Yg7NZRBT7q,ord_4x6mKZpRsQXXJc,26683.99,INR,captured,wallet,2026-02-26T10:26:00
pay_eaBKsoRRCQ5WMO,ord_Wx4sKAJd7gVMqf,12069.27,INR,captured,card,2026-02-17T02:30:00
pay_Rr6YICtu8zF9OH,ord_JVkGBr9BY8Dztg,8125.16,INR,captured,upi,2026-02-05T03:14:00
pay_tD4x9XOj7h7ug0,ord_K9EjHvIHCtlRJo,38799.67,INR,captured,wallet,2026-01-04T17:04:00
pay_mxDoJJ9s8OrJQU,ord_oNCP3CrHe69s7Q,22896.11,INR,captured,wallet,2026-01-26T18:02:00
pay_aHCPPKY6gob2I4,ord_67s1XDeUnPPy0I,4606.11,INR,captured,upi,2026-02-03T16:08:00
pay_WmZIKYoWWKr99H,ord_QH8wylh0CPNLbW,12254.09,INR,captured,card,2026-01-11T17:26:00
pay_eZffTYIKIuhvPU,ord_O2I1A3zZyTttp7,34372.37,INR,captured,upi,2026-02-10T11:28:00
pay_fBALznFvgQKGtn,ord_iNbUnAvwSWJfdj,30930.13,INR,captured,upi,2026-02-27T12:20:00
pay_Q2N9u8tBDNXKve,ord_vTYYojmLVOkVEU,38017.87,INR,captured,wallet,2026-02-08T07:15:00
pay_TQGOAwwln6Eoie,ord_jfP4tOPhRfINuh,35171.26,INR,captured,upi,2026-03-22T19:28:00
pay_fjBFZf4Y25zyxx,ord_CrxG7YXipN2Ig0,42573.19,INR,captured,netbanking,2026-01-25T07:03:00
pay_b2cxxUweoOgKUi,ord_bFpiAMozPf8eGF,49417.74,INR,captured,netbanking,2026-02-17T06:12:00
pay_tLAQvc1v9r86eN,ord_7vlQwXqfAA9lsg,16463.2,INR,captured,card,2026-01-26T05:12:00
pay_0S5NXFhmiXbIwX,ord_R9miekS9Y79PRI,14589.08,INR,captured,card,2026-01-26T14:18:00
pay_c1f6VqnJMb3HNs,ord_0pNIhsHFk6jOSL,42142.25,INR,captured,wallet,2026-02-18T02:08:00
pay_H0A2TVwyJmIeFV,ord_j9C2EfyCoKdrL0,33658.78,INR,captured,upi,2026-01-25T09:09:00
pay_0TRGI9Dx7CHHP1,ord_MM0jQb6gbtjQzW,46034.0,INR,captured,netbanking,2026-03-16T11:22:00
pay_aI5z52Dm7tO4fJ,ord_ZqIqgTod4noguD,34091.48,INR,captured,upi,2026-01-12T17:18:00
pay_BquKJqwoPCjQ53,ord_XJUk13ZFfPliup,13113.19,INR,captured,netbanking,2026-01-21T02:25:00
pay_UJcvd95e5bzVV8,ord_BQSE3BdizIIPtb,12797.42,INR,captured,wallet,2026-01-01T06:21:00
pay_FrYTtLPtsiOnsd,ord_M63oeKBP2pcBHU,38825.57,INR,captured,card,2026-01-12T22:19:00
pay_h9DpLm4IWxHwqF,ord_dxLceXKPnm4s4n,9582.18,INR,captured,wallet,2026-03-05T06:16:00
pay_RA6l4GoMpvXe7C,ord_aFxMPMDEaIaGr8,955.42,INR,captured,card,2026-03-11T09:08:00
pay_SF8dBZvV7yVbq9,ord_amiYY5sIJ0PHxT,39545.85,INR,captured,card,2026-02-28T19:16:00
pay_AEeppMKmgs6uMX,ord_1azWSI9pGQkqqj,8443.65,INR,captured,wallet,2026-01-24T13:11:00
pay_5QHXw3HNfVOwOc,ord_Ze0XPispjAxBLK,26764.93,INR,captured,wallet,2026-03-20T19:21:00
pay_lNAbMmKyRmUYdg,ord_ecSbvgX5TFIuAC,39908.01,INR,captured,card,2026-02-23T17:28:00
pay_z0EfbVsrHkCUVI,ord_5kkrl0M17EmxIO,20515.8,INR,captured,upi,2026-02-11T23:04:00
pay_ORijtp0yiNMxeX,ord_vrHuRrq19Qf7W4,49625.06,INR,captured,upi,2026-03-15T23:25:00
pay_POdMTUAffneKGB,ord_Ch1Ba7mQiOj5qO,12594.42,INR,captured,netbanking,2026-02-01T17:01:00
pay_FUsd37EgEKG895,ord_TvAXpNpLSr6b02,10351.74,INR,captured,wallet,2026-02-21T18:05:00
pay_Rk7GWSkhWq2VbY,ord_ONtB7op5hLdPOk,731.98,INR,captured,upi,2026-01-12T17:09:00
pay_sWTpw89WTHXj5b,ord_exF3lX87eCr0uI,497.66,INR,captured,netbanking,2026-01-18T02:18:00
pay_hwVCC0fYsRLn1j,ord_oqtXRTtqemWKjk,23356.15,INR,captured,card,2026-02-04T16:23:00
pay_MMOE2DfxzNXp9H,ord_ZucCkJYybQknlr,44182.85,INR,captured,wallet,2026-01-03T22:01:00
pay_kcdLbDuMXvlX1d,ord_0kKXR4bR6IIl92,24662.11,INR,captured,card,2026-01-27T08:05:00
pay_fRN2BqpepgaxT8,ord_0VJltYLNgEuevt,31845.72,INR,captured,wallet,2026-03-24T04:29:00
pay_PLmbksf0tyEOfH,ord_u8zI5HOsfyIEda,4472.66,INR,captured,netbanking,2026-03-12T07:06:00
pay_p44eyyurC2WMGA,ord_J8j6B6knlceQmY,7479.12,INR,captured,card,2026-02-20T18:14:00
pay_C4RqZFNhbxKl1K,ord_EGxdXeRzWGJk2m,2975.61,INR,captured,netbanking,2026-01-03T19:12:00
pay_O9qzycRJlTnHW4,ord_rurO7OlGod1Yzt,7082.48,INR,captured,netbanking,2026-01-03T04:22:00
pay_tdCmVJjWWiAAAD,ord_QGz1j9v939i1lf,16698.21,INR,captured,upi,2026-01-16T02:01:00
pay_gZchBhpRmQaAgG,ord_zoTiTKkwOc2pHd,49734.54,INR,captured,card,2026-02-26T11:20:00
pay_kwBM2fYly7qx0X,ord_C8qdY20wPAh03a,7005.88,INR,captured,card,2026-02-25T05:21:00
pay_Et8UbzcIZX7N3I,ord_001eEo8dnNzoCX,22460.12,INR,captured,wallet,2026-03-15T02:21:00
pay_0DF5kJThyL2Fx8,ord_luUcNPh3CKF7aT,27705.99,INR,captured,card,2026-02-06T22:30:00
pay_0QsUcYg1T1UIoW,ord_SP3H2AagxddqW8,34201.18,INR,captured,netbanking,2026-01-13T11:26:00
pay_eRG7GWjHzv2Pus,ord_IiKpuSjjud5MPE,28676.58,INR,captured,wallet,2026-01-31T13:25:00
pay_CufdXIJoqyNAbP,ord_HMnNnQZmZ2TAYe,34333.57,INR,captured,upi,2026-01-03T00:18:00
pay_ZmlX0059CIsegS,ord_2icJyHfnTTn40i,9281.24,INR,captured,netbanking,2026-02-22T15:16:00
pay_q3HOjy3K1iFfwa,ord_01iHq2eebFbKzK,45324.55,INR,captured,card,2026-02-17T01:08:00
pay_oFrjjLYOzuhPDK,ord_OwOZGx4Gv1EDLF,7034.52,INR,captured,wallet,2026-01-15T03:21:00
pay_6DVvX4ZJApV4fL,ord_cWFhDiLZ3WOGwc,26537.84,INR,captured,wallet,2026-01-20T13:18:00
pay_ZDLfqwLS5yOr7d,ord_1OUBRknyuIRRj7,364.0,INR,captured,card,2026-01-08T18:25:00
pay_BxDpvWQ31DpxWn,ord_Lm5Jqzges6X72Y,28787.2,INR,captured,card,2026-03-01T05:23:00
pay_yUhGA6cv1WChGt,ord_PPMVHcDME931E9,45808.74,INR,captured,upi,2026-01-24T21:01:00
pay_fUqwIYvzvQLJOH,ord_kE90GSWsIJyQdY,23879.32,INR,captured,netbanking,2026-02-23T17:25:00
pay_qjO2tprMiZbP1u,ord_0hopUUnyf6DdVG,49801.09,INR,captured,wallet,2026-01-09T20:16:00
pay_oV4YQrUYz0lrNM,ord_sVXLXHl2BpSOZn,4052.57,INR,captured,wallet,2026-02-23T08:09:00
pay_p8KQQjVpEQu8Vd,ord_c6GpNm31nhNukr,6070.51,INR,captured,card,2026-03-09T08:12:00
pay_IMuNgGeZi2mEgJ,ord_HCWFT2MwMtd7Yl,34192.89,INR,captured,wallet,2026-03-07T08:27:00
pay_j9Bvt9uxVATLIn,ord_OJ6IIUVJPRAgXI,25284.17,INR,captured,netbanking,2026-02-26T02:25:00
pay_vYz11oOLaWxscH,ord_neuDE3RYfNcYxW,46101.39,INR,captured,netbanking,2026-01-29T12:05:00
pay_cYmxU0gd651YaR,ord_AQJgzwlvOVkvYX,31196.79,INR,captured,netbanking,2026-02-07T14:04:00
pay_yjvvMo8FYM23Yb,ord_x8FS4ELfm7ISc5,15315.88,INR,captured,netbanking,2026-02-11T19:18:00
pay_jlib9MLLKobeWi,ord_tI6ht2TV2zzB53,46669.18,INR,captured,wallet,2026-01-24T08:28:00
pay_2Vrks4Q4COfFlK,ord_2WGBZc9GyTIFNd,14629.85,INR,captured,card,2026-02-03T23:29:00
pay_LEnOCBLa2rMYml,ord_lSAtVBMhimMpC1,27220.71,INR,captured,netbanking,2026-01-01T11:02:00
pay_TmMzcvXnNQpesI,ord_G9viIGNElLR8ab,31310.49,INR,captured,upi,2026-01-11T01:25:00
pay_vD2tuVg8G9mcy1,ord_zEoC6nsgWW4BbD,25052.71,INR,captured,upi,2026-01-17T05:04:00
pay_BwumVYe5VJfXRg,ord_peMvBiDPgdAlKK,41825.1,INR,captured,wallet,2026-03-01T16:10:00
pay_KCIYk7egYVxEOf,ord_jDemRA8JvRkPTS,41853.73,INR,captured,card,2026-01-10T18:27:00
pay_j9PieaSEB9fNzC,ord_grbAKMSzAnkiI0,18078.37,INR,captured,wallet,2026-02-05T14:26:00
pay_8skRLsWqNJJOsT,ord_DT7eNXtdvWDFDT,21108.7,INR,captured,netbanking,2026-03-23T23:01:00
pay_VQPVpWrdy9qYle,ord_Rh1iO3J73RpC6N,46142.5,INR,captured,card,2026-01-24T14:30:00
pay_eCVOkcxlR3NwfN,ord_eoxQWhH9usd9Ow,42681.77,INR,captured,card,2026-01-30T00:24:00
pay_qUkwkpKiXNxj2f,ord_nXAY8Qu8JiZXVK,16841.64,INR,captured,card,2026-01-11T07:01:00
pay_3CgdHjbFeoBJzU,ord_VOrmXQ8DkPcNrA,16781.3,INR,captured,netbanking,2026-03-10T16:29:00
pay_pAn5643zc9TFAy,ord_WNLk81f1E9KZrT,36835.33,INR,captured,upi,2026-01-22T01:26:00
pay_wkIeRm8ohD6J7n,ord_URLJmQMu5F4wdx,23321.11,INR,captured,card,2026-01-04T11:24:00
pay_uJOWEPGICJ3tWo,ord_2GMs8HivBNsd2o,47377.69,INR,captured,netbanking,2026-02-25T00:12:00
pay_4BQT3iIty0BfdN,ord_V65j8HFOs38U9P,40272.65,INR,captured,card,2026-03-04T04:19:00
pay_qkCJ4mZrEZsKET,ord_8A3iKfmD19e7Uf,20532.09,INR,captured,upi,2026-03-20T00:08:00
pay_ut0XqRwHviirWz,ord_2ikqA4wrG6FVlf,37656.16,INR,captured,card,2026-02-16T09:30:00
pay_jFToJgJanlr3H8,ord_4csafhLKmPbjUr,29029.59,INR,captured,card,2026-01-31T01:04:00
pay_8T3kwmm0zoAEVV,ord_1le0DQl9EgBOfi,20091.15,INR,captured,netbanking,2026-02-20T09:19:00
pay_OW2kAtyVJEIHDI,ord_PEqv1H7bA4xtxC,1739.7,INR,captured,upi,2026-02-17T12:06:00
pay_VvMwBE0W0Hrc9y,ord_OAFAbDbtJtgEQm,24886.9,INR,captured,upi,2026-03-11T05:08:00
pay_0qrjQoojbXtE9A,ord_MVAJMGwjjQsAtZ,3314.93,INR,captured,upi,2026-01-18T08:29:00
pay_KEx6tAQ726wSYb,ord_EfLVtZTXU6ngnr,20477.94,INR,captured,upi,2026-03-15T15:29:00
pay_CbdNNXiyMtfjG8,ord_eWET5uA4gjqeAT,27431.61,INR,captured,card,2026-01-28T21:27:00
pay_AmnZTllXb8oBpK,ord_w6hSA5CPhSl1Wr,24758.99,INR,captured,wallet,2026-01-12T02:21:00
pay_ocqRB95cwREE01,ord_3qZ5GBkTE6I5NB,9527.11,INR,captured,netbanking,2026-01-05T15:04:00
pay_sXT54LwfwmByqL,ord_de7xyl71f0kWrU,32737.81,INR,captured,wallet,2026-01-11T06:03:00
pay_Mq72llUL2gHahk,ord_YwKVbTCW0czRtS,37891.98,INR,captured,wallet,2026-02-08T09:16:00
pay_TKIsEEKLQYESGA,ord_3TBEbBpsZyug0A,20842.73,INR,captured,upi,2026-02-12T07:11:00
pay_Z3bdAMhnpvwc2q,ord_QfDkjEX6EoI9wq,33878.7,INR,captured,upi,2026-01-15T21:05:00
pay_7GQ6BVSGeuyVAy,ord_YvFfxUwPjUAoXz,20524.54,INR,captured,card,2026-02-09T03:02:00
pay_7LzhJcjx9sEXiK,ord_6TzkFEC8FGRCcj,27995.43,INR,captured,netbanking,2026-03-20T15:02:00
pay_UFbOG7rmZ0JfHt,ord_TO1RJXRIhIlMJd,28555.19,INR,captured,upi,2026-01-17T03:19:00
pay_VOhJB0FWiHkp77,ord_KEUxhdCzEzo2q7,33787.36,INR,captured,wallet,2026-01-22T00:18:00
pay_ZwkVRaC6Bnbr5w,ord_akIREyf2OH3YBh,48604.75,INR,captured,netbanking,2026-02-02T02:03:00
pay_EGcSc4Htyu2Y9n,ord_9QHpIC6N6d6A9q,34040.66,INR,captured,wallet,2026-02-09T19:23:00
pay_axX2Mv6WCulgKe,ord_WdXdLAgdd0yMz1,39394.99,INR,captured,card,2026-02-23T05:26:00
pay_Mky2UxGlSGD7DK,ord_cMlHWudX2082mf,23586.3,INR,captured,upi,2026-02-26T14:21:00
pay_9UT4asYWzzJODF,ord_FNW5gecmmusYQr,35311.57,INR,captured,card,2026-01-12T18:25:00
pay_xDu7NskPlZLbm4,ord_HubW5j7uNLL18m,19592.74,INR,captured,netbanking,2026-02-15T14:13:00
pay_0zlMAxORfRc2j2,ord_yYG42CJTr2CRSs,30690.07,INR,captured,netbanking,2026-03-11T02:18:00
pay_qBlS3HBcNGPOgQ,ord_eIp6iY0kbgsHye,38203.09,INR,captured,upi,2026-02-27T19:15:00
pay_0k7L8RQ8RuN2t0,ord_ytyCeYOwensL8g,26855.46,INR,captured,upi,2026-03-20T16:16:00
pay_tBa1elNimfKZ5o,ord_XzYUoTvmd49XRn,43648.02,INR,captured,wallet,2026-02-14T11:03:00
pay_8xENKzc5xJmBp4,ord_xsrIDuSm4a1Txz,20849.43,INR,captured,netbanking,2026-02-03T16:24:00
pay_iU5yt9YaeRGOTk,ord_2kAQFH2KTU51gJ,39896.94,INR,captured,card,2026-03-11T11:12:00
pay_yL82Xa1yZ5bhG6,ord_gGaL9V5DuAw39Y,47055.45,INR,captured,card,2026-02-26T18:25:00
pay_UOfASj53VnpD3h,ord_2WSbEfZ99C37DH,12243.46,INR,captured,wallet,2026-01-15T13:05:00
pay_ns7dYjS05nT5W1,ord_ZECLjPXRLt9h9R,23966.31,INR,captured,wallet,2026-03-12T17:24:00
pay_hFuAjSphysKkUW,ord_UTaTJQ9j6A05f8,9063.68,INR,captured,upi,2026-01-05T11:26:00
pay_XhhmjI0c8FwHA6,ord_YWGdZHYOUmOh1R,365.67,INR,captured,card,2026-02-08T03:01:00
pay_j9AbLehgHeNwuq,ord_C6P6imNqNOSIOF,8285.75,INR,captured,card,2026-03-12T02:28:00
pay_r7GS5oNfsV0Neo,ord_FjhxTdS8RpLRl9,39943.6,INR,captured,card,2026-02-12T20:03:00
pay_01rDqaNy557F35,ord_7P2Gne0F7Axxh4,12563.28,INR,captured,wallet,2026-02-16T00:29:00
pay_oQv8TArEVpjFpV,ord_EQhUWyTTZi7Xhv,781.08,INR,captured,netbanking,2026-02-28T09:28:00
pay_ugPQViwYUKLorK,ord_qrvztccdUnD4gl,47421.58,INR,captured,upi,2026-02-01T00:03:00
pay_q0sqhnHsN6ri2d,ord_8kUxWyqljnR2XC,35416.93,INR,captured,card,2026-02-14T19:08:00
pay_lETObklyLeep48,ord_mBumN1yBTAjDEC,40798.34,INR,captured,card,2026-01-16T00:04:00
pay_Zgkgg7wMh553Ll,ord_bcHg2zanoxvr5Q,34369.64,INR,captured,netbanking,2026-03-03T00:17:00
pay_KAJQURoa9bI75d,ord_vED8LNi65xIHEH,11582.71,INR,captured,netbanking,2026-01-08T03:12:00
pay_aZQ2IZ4FRAj8G8,ord_VDiG6DSBNagdNL,8761.65,INR,captured,card,2026-01-14T16:05:00
pay_iPu3FFWbXD1cjQ,ord_q8JIWct6awrymU,36311.84,INR,captured,upi,2026-03-25T02:03:00
pay_VB568EwrzMQBFM,ord_H8Wfft5krwflVp,23715.72,INR,captured,netbanking,2026-01-22T20:11:00
pay_An3ld3A7sm6DHW,ord_6wADd17QqNfezs,35639.11,INR,captured,wallet,2026-03-16T08:23:00
pay_1ROCzvHGVhkAkK,ord_cUlRWLnnlQ7wws,15417.57,INR,captured,wallet,2026-03-11T21:18:00
pay_4cbX0GTtkJAIyM,ord_4zYRTaxnr2qZXz,12153.57,INR,captured,upi,2026-03-18T19:13:00
pay_MNJgCKgr3fEwZy,ord_T8NWlOnm0TYxqd,4239.87,INR,captured,upi,2026-01-13T06:16:00
pay_pm0S7gXKkmSABK,ord_nunT6qD7vIsUEF,20057.11,INR,captured,netbanking,2026-01-17T11:09:00
pay_ttmXE9AhkuxJrN,ord_JtoernnIS6YPJO,34138.38,INR,captured,upi,2026-02-07T03:28:00
pay_euLYqkiCh1U37z,ord_91SofSYYHaQd2c,2495.37,INR,captured,upi,2026-01-26T23:15:00
pay_gCggbCqDGvhIvn,ord_CjF4nw81FWlrkt,43504.59,INR,captured,wallet,2026-02-25T07:13:00
pay_uC7PAb82kVavDa,ord_mWvrKTfFRDs4ot,3565.79,INR,captured,card,2026-01-16T23:28:00
pay_H492k4vuK6rlJR,ord_81OiEpT8wUm7N7,43869.49,INR,captured,upi,2026-02-27T22:27:00
pay_35LkB2XiVpzmss,ord_Vjfq9mKfnDvYNA,48348.65,INR,captured,wallet,2026-01-09T08:30:00
pay_dmiTEnP0st9aEQ,ord_VG0fq9gKYJQ1hK,25589.96,INR,captured,upi,2026-03-03T04:04:00
pay_jOIC1iWO5e0D7L,ord_Mc47DSr8w1FvRy,3232.01,INR,captured,netbanking,2026-02-25T23:06:00
pay_lmZFw30XBM2JhG,ord_lKNPmY3wzHelT4,32147.4,INR,captured,upi,2026-02-12T08:04:00
pay_53DiSgEnvDW2o5,ord_HT5P2oe64RVc86,29947.57,INR,captured,card,2026-02-22T06:01:00
pay_w4nS6WsOGqRFd3,ord_dBrtL39iyOOe6m,35292.23,INR,captured,wallet,2026-03-11T09:23:00
pay_ATTdgySQ16CJJG,ord_HObV64UuZqUnbS,31114.37,INR,captured,wallet,2026-03-15T21:06:00
pay_OlFBtIo798a00H,ord_d6rLtdlVr1hNjM,2574.03,INR,captured,card,2026-01-10T18:02:00
pay_zT0GdDGBqZsppV,ord_WS6xKOjVO779J9,31553.19,INR,captured,card,2026-03-04T15:12:00
pay_44vyISh33KM9cT,ord_mlCkzVSDg1Zbke,25793.36,INR,captured,wallet,2026-02-15T04:12:00
pay_k6qLgorfIFkLc3,ord_tliYT9nGJMgrhq,22001.95,INR,captured,card,2026-03-17T13:18:00
pay_LScQMNovG7202P,ord_x6PqjYTrm261Ua,3456.34,INR,captured,wallet,2026-02-17T14:16:00
pay_8LiH6bxWuvVddn,ord_tyBy4qTvYtzJkm,31301.8,INR,captured,card,2026-03-22T21:18:00
pay_qmqODsf7ID4Hpb,ord_FRTbUH4fKyZ1WA,37199.82,INR,captured,wallet,2026-01-26T18:16:00
pay_1KsMzpHOejTrqg,ord_aRmfCfMKeN2val,14280.96,INR,captured,wallet,2026-03-19T18:26:00
pay_l11VvAM25lx59m,ord_GG2076ZS0IEWQI,21827.13,INR,captured,card,2026-01-30T17:12:00
pay_rmFkUZaqvvJRJC,ord_3k9SwaPzPdlVjq,8712.0,INR,captured,upi,2026-01-04T19:04:00
pay_KxxKcRN1aAuOg4,ord_Qrv8IUqFnnq5GN,23812.97,INR,captured,card,2026-02-09T20:10:00
pay_l1BSjIWajgIynD,ord_8Uiu78tVXCkaj2,15133.99,INR,captured,wallet,2026-01-07T20:13:00
pay_g1XatJxCE7yVsq,ord_fxljtPDq7lyGgX,17379.71,INR,captured,upi,2026-03-04T12:21:00
pay_iE3vCM445YJcuc,ord_sYHlwbuNKwcTpf,4819.17,INR,captured,upi,2026-03-04T00:20:00
pay_rSZKNuy5avvBCU,ord_ylramWOrCWNgnR,11130.78,INR,captured,card,2026-02-22T04:07:00
pay_27VtHy1ECZB5lr,ord_yngr1V98Ivn3rV,31550.76,INR,captured,netbanking,2026-02-26T16:18:00
pay_XZ24pSeUQzGDxW,ord_2k65us3mCpL9X8,25060.73,INR,captured,upi,2026-01-10T11:09:00
pay_ws6jNDBsURjsxN,ord_CRUUvQuBprciGb,44020.51,INR,captured,card,2026-02-18T02:01:00
pay_HT28dJppTQOpQC,ord_EJNaUYW3TwcM7F,13646.53,INR,captured,netbanking,2026-03-24T01:02:00
pay_ItB86Et8DkeAs5,ord_KNU9pzqNuDrOqG,17123.0,INR,captured,netbanking,2026-02-27T20:15:00
pay_YmPpZbAxITXMBq,ord_iuvUBAyzVz8vX8,38375.73,INR,captured,card,2026-01-02T15:03:00
pay_G4FbBbFXWEJNTJ,ord_Untowm8qL5iNAX,39925.04,INR,captured,upi,2026-03-12T23:18:00
pay_L0WH7utomsAq6n,ord_1KVHOmY53SJljt,5134.73,INR,captured,upi,2026-02-15T12:12:00
pay_nTsMZzkGjYPw5W,ord_NyD6rOuipJhjRV,3152.95,INR,captured,wallet,2026-03-10T11:01:00
pay_USrMppTsSCKG9q,ord_D3hOwMSDU0mni6,11355.04,INR,captured,card,2026-01-08T00:29:00
pay_8ZhShvCI678lY2,ord_u3pYEIPPvGdwN7,6398.79,INR,captured,card,2026-01-20T09:17:00
pay_TKPmiruNGGVLoB,ord_iYVY6pWOylZe7r,44642.66,INR,captured,upi,2026-01-11T12:27:00
pay_9ZELJL1PcgZNgf,ord_rSrpFAZ8fgXpEK,33314.86,INR,captured,card,2026-01-09T20:25:00
pay_uMTZoZgSNtElxq,ord_rWuRNVjI1OTUWk,25041.84,INR,captured,wallet,2026-01-08T14:23:00
pay_apbLZzIJz0KM38,ord_M8unZpj9bnRn2B,40595.11,INR,captured,netbanking,2026-01-13T09:24:00
pay_J6TSER69nCHPuJ,ord_ZCBKe9bBO3DRdv,47741.24,INR,captured,wallet,2026-01-24T13:29:00
pay_Mlnv24LJ3R2ljY,ord_2dIQfa9ausXJxe,9069.28,INR,captured,upi,2026-02-24T07:01:00
pay_iVsMzxEEtEyEWr,ord_5Y4R0gGPtGJGyH,10126.51,INR,captured,upi,2026-01-28T08:22:00
pay_jLMq5QS3t6O4za,ord_Na5mQ5aoYZ99Zx,41905.59,INR,captured,wallet,2026-01-04T19:27:00
pay_BVPF8VScaj1pkC,ord_6IEh9DgoZlVXoM,21961.62,INR,captured,upi,2026-01-13T04:29:00
pay_v9C5jHwiNk792w,ord_J1VcHbZDJxQx4o,24579.06,INR,captured,wallet,2026-01-22T08:01:00
pay_lBRxPqUIjyWmzD,ord_xtyDHC471zmu3O,46862.39,INR,captured,card,2026-02-06T20:28:00
pay_2DDVK9wBJBbEPv,ord_jzHMjID8Q48PjB,37808.11,INR,captured,upi,2026-01-12T13:11:00
pay_6SIEq44fPtFhYX,ord_akIREyf2OH3YBh,48604.75,INR,captured,netbanking,2026-02-02T02:03:00
pay_xjXW1aaY1MjM2C,ord_sVXLXHl2BpSOZn,4052.57,INR,captured,wallet,2026-02-23T08:09:00
pay_f6aXodetGDm9Ll,ord_VDiG6DSBNagdNL,8761.65,INR,captured,card,2026-01-14T16:05:00
pay_yZszNnpvoa3Qrj,ord_dBrtL39iyOOe6m,35292.23,INR,captured,wallet,2026-03-11T09:23:00
pay_cvCC508C3CiUAb,ord_Na5mQ5aoYZ99Zx,41905.59,INR,captured,wallet,2026-01-04T19:27:00
pay_Wx1jwAY4j6nbDq,ord_4csafhLKmPbjUr,29029.59,INR,captured,card,2026-01-31T01:04:00
pay_s7IoESA6j8d7eu,ord_YWGdZHYOUmOh1R,365.67,INR,captured,card,2026-02-08T03:01:00
