refund_id,payment_id,order_id,amount,status,created_at
rfnd_wUMVmI5BRh8Loj,pay_Rr6YICtu8zF9OH,ord_JVkGBr9BY8Dztg,8125.16,processed,2026-02-06T15:14:00
rfnd_i18eWqMyeuPH7M,pay_tD4x9XOj7h7ug0,ord_K9EjHvIHCtlRJo,38799.67,processed,2026-01-06T01:04:00
rfnd_1iwWKaqhAhdBwK,pay_WmZIKYoWWKr99H,ord_QH8wylh0CPNLbW,12254.09,processed,2026-01-12T22:26:00
rfnd_snipuaUkxRFZXe,pay_fBALznFvgQKGtn,ord_iNbUnAvwSWJfdj,30930.13,processed,2026-03-01T12:20:00
rfnd_wrN8fKxJ7Tc4Jl,pay_Q2N9u8tBDNXKve,ord_vTYYojmLVOkVEU,38017.87,processed,2026-02-09T22:15:00
rfnd_fx9IwiLyccSXGj,pay_H0A2TVwyJmIeFV,ord_j9C2EfyCoKdrL0,33658.78,processed,2026-01-26T18:09:00
rfnd_8D04wzInjq5Jzj,pay_h9DpLm4IWxHwqF,ord_dxLceXKPnm4s4n,9582.18,processed,2026-03-06T04:16:00
rfnd_KV65IgrHvzxELc,pay_p44eyyurC2WMGA,ord_J8j6B6knlceQmY,7479.12,processed,2026-02-21T12:14:00
rfnd_3UQrxkJ71OQqzb,pay_C4RqZFNhbxKl1K,ord_EGxdXeRzWGJk2m,2975.61,processed,2026-01-05T15:12:00
rfnd_Rd6jzKXQlxwbQZ,pay_kwBM2fYly7qx0X,ord_C8qdY20wPAh03a,7005.88,processed,2026-02-25T14:21:00
rfnd_cJjNcJdql7LIbS,pay_oFrjjLYOzuhPDK,ord_OwOZGx4Gv1EDLF,7034.52,processed,2026-01-16T22:21:00
rfnd_bdHlgqSTojEvtX,pay_oV4YQrUYz0lrNM,ord_sVXLXHl2BpSOZn,4052.57,processed,2026-02-24T08:09:00
rfnd_0PZs5dzlPLQKWk,pay_LEnOCBLa2rMYml,ord_lSAtVBMhimMpC1,27220.71,processed,2026-01-02T17:02:00
rfnd_uyJ7ZmZ5DDcijC,pay_TmMzcvXnNQpesI,ord_G9viIGNElLR8ab,31310.49,processed,2026-01-12T12:25:00
rfnd_lSKEdHtHZB9cdW,pay_eCVOkcxlR3NwfN,ord_eoxQWhH9usd9Ow,42681.77,processed,2026-01-30T03:24:00
rfnd_jnl3MZGGIUhCeY,pay_ut0XqRwHviirWz,ord_2ikqA4wrG6FVlf,37656.16,processed,2026-02-16T11:30:00
rfnd_D28ynxALeId5Dv,pay_AmnZTllXb8oBpK,ord_w6hSA5CPhSl1Wr,24758.99,processed,2026-01-13T17:21:00
rfnd_1lkFq3KK8GJzeV,pay_ocqRB95cwREE01,ord_3qZ5GBkTE6I5NB,9490.23,processed,2026-01-07T11:04:00
rfnd_Y7MOkd5qpQ90n0,pay_VOhJB0FWiHkp77,ord_KEUxhdCzEzo2q7,33787.36,processed,2026-01-22T19:18:00
rfnd_wIiBN4w8mrnqk0,pay_4E5NQCnDVYYxyZ,ord_m4WvPR8LuJ7Mzk,22769.67,processed,2026-03-10T00:01:00
rfnd_Q25VLNxSTxNI1Y,pay_UOfASj53VnpD3h,ord_2WSbEfZ99C37DH,12243.46,processed,2026-01-16T04:05:00
rfnd_aCsgvSyaAmG3z4,pay_01rDqaNy557F35,ord_7P2Gne0F7Axxh4,12563.28,processed,2026-02-16T01:29:00
rfnd_UhK4OlR5eHvS9m,pay_ugPQViwYUKLorK,ord_qrvztccdUnD4gl,47421.58,processed,2026-02-02T23:03:00
rfnd_zB29c8dXRIjgxJ,pay_VB568EwrzMQBFM,ord_H8Wfft5krwflVp,23715.72,processed,2026-01-23T01:11:00
rfnd_LhgmDZBdhz8Y0H,pay_dmiTEnP0st9aEQ,ord_VG0fq9gKYJQ1hK,25589.96,processed,2026-03-04T20:04:00
rfnd_u7vMzc0jfg5DV8,pay_jOIC1iWO5e0D7L,ord_Mc47DSr8w1FvRy,3232.01,processed,2026-02-27T22:06:00
rfnd_Zbm6JTGZsgR0BA,pay_k6qLgorfIFkLc3,ord_tliYT9nGJMgrhq,22001.95,processed,2026-03-18T06:18:00
rfnd_tfwp5LcrDcRpM8,pay_l11VvAM25lx59m,ord_GG2076ZS0IEWQI,21827.13,processed,2026-01-30T19:12:00
rfnd_ftMbkaNC26tQ61,pay_rmFkUZaqvvJRJC,ord_3k9SwaPzPdlVjq,8712.0,processed,2026-01-06T19:04:00
rfnd_S6K76Wy7Rp9Kdd,pay_YmPpZbAxITXMBq,ord_iuvUBAyzVz8vX8,38375.73,processed,2026-01-03T13:03:00
rfnd_3BZxBUTxBymxYf,pay_L0WH7utomsAq6n,ord_1KVHOmY53SJljt,5134.73,processed,2026-02-16T00:12:00
rfnd_QWmUGWIGcHHR9k,pay_8ZhShvCI678lY2,ord_u3pYEIPPvGdwN7,6398.79,processed,2026-01-20T20:17:00
rfnd_HQtaLSwh8MGTTp,pay_J6TSER69nCHPuJ,ord_ZCBKe9bBO3DRdv,47741.24,processed,2026-01-26T04:29:00
rfnd_TK1BFe8q2JlhVl,pay_8H4KPfA1lquCu2,ord_07zUHLnnBbuQzk,23251.53,processed,2026-01-11T21:09:00
rfnd_1w8dBzmuo2t48W,pay_6XzatjNQAhirSY,ord_IJumhtN8oKoYED,195.05,processed,2026-02-13T14:00:00
