settlement_id,payment_id,order_id,amount,batch_id,status,settled_at
stl_H8xIZM1JRcoreo,pay_ABr1VjArnVgxwv,ord_NbrnTP3fAbnFbm,32529.23,batch_0001,settled,2026-02-17T12:09:00
stl_XAdx9G81aSQHqN,pay_4CqpIqK3yn9Ffc,ord_5QnuVdYXye4JSn,25011.64,batch_0001,settled,2026-03-18T11:04:00
stl_GhnuKoneNo41eo,pay_eVVhDIq2AnHTmt,ord_k754LEgw9YooJe,36622.19,batch_0001,settled,2026-03-14T15:22:00
stl_RTWPElndTdtdD5,pay_d9Z850kEnydx9q,ord_OOdTXglHilC2eY,42812.75,batch_0001,settled,2026-01-12T08:26:00
stl_ihgIqLSmNqE40f,pay_FiveprBHs8YGPI,ord_G5mSoyPstUeC99,3755.71,batch_0001,settled,2026-01-21T04:30:00
stl_cDm4vY2nOyreVv,pay_j518Y2bTu5X1Yq,ord_wIAcw58cwQPvI2,48694.47,batch_0001,settled,2026-03-08T22:26:00
stl_nWLtBPFX7TOrPM,pay_Ph3FPuRIlPxUkJ,ord_FxJpRa5HSUPweP,16576.98,batch_0001,settled,2026-01-28T18:13:00
stl_rWEoBSou3ejxjn,pay_CGItUBY3A4Bj1B,ord_EpOaUVgAk7Gdp0,22877.45,batch_0001,settled,2026-03-12T09:25:00
stl_fbH9vOWOU6mbjh,pay_8H4KPfA1lquCu2,ord_07zUHLnnBbuQzk,23422.77,batch_0001,settled,2026-01-14T21:09:00
stl_ZKtp5rBUJPuEuE,pay_wFv0Yg7NZRBT7q,ord_4x6mKZpRsQXXJc,26683.99,batch_0001,settled,2026-02-28T10:26:00
stl_HO4ZektUJrhQR6,pay_eaBKsoRRCQ5WMO,ord_Wx4sKAJd7gVMqf,12069.27,batch_0002,settled,2026-02-20T02:30:00
stl_azn0h6Oj5sRzDD,pay_Rr6YICtu8zF9OH,ord_JVkGBr9BY8Dztg,8125.16,batch_0002,settled,2026-02-07T03:14:00
stl_2ceN59UAgN2BR4,pay_tD4x9XOj7h7ug0,ord_K9EjHvIHCtlRJo,38799.67,batch_0002,settled,2026-01-05T17:04:00
stl_3WoXnlpUVQigMc,pay_mxDoJJ9s8OrJQU,ord_oNCP3CrHe69s7Q,22896.11,batch_0002,settled,2026-01-28T18:02:00
stl_CROhcc9hoHyx6R,pay_aHCPPKY6gob2I4,ord_67s1XDeUnPPy0I,4606.11,batch_0002,settled,2026-02-06T16:08:00
stl_F6cW1GC7dDyQE4,pay_WmZIKYoWWKr99H,ord_QH8wylh0CPNLbW,12254.09,batch_0002,settled,2026-01-12T17:26:00
stl_LvJnOng0wVJY08,pay_eZffTYIKIuhvPU,ord_O2I1A3zZyTttp7,34372.37,batch_0002,settled,2026-02-13T11:28:00
stl_cb51JJRzhbuXMZ,pay_fBALznFvgQKGtn,ord_iNbUnAvwSWJfdj,30930.13,batch_0002,settled,2026-03-01T12:20:00
stl_Djdg3vSFkpBBGj,pay_Q2N9u8tBDNXKve,ord_vTYYojmLVOkVEU,38017.87,batch_0002,settled,2026-02-10T07:15:00
stl_HTGP2MLjlQM3Sc,pay_TQGOAwwln6Eoie,ord_jfP4tOPhRfINuh,35171.26,batch_0003,settled,2026-03-24T19:28:00
stl_tgSujc4DZVDM4b,pay_fjBFZf4Y25zyxx,ord_CrxG7YXipN2Ig0,42573.19,batch_0003,settled,2026-01-26T07:03:00
stl_kWCRNYdWCscmc5,pay_b2cxxUweoOgKUi,ord_bFpiAMozPf8eGF,49417.74,batch_0003,settled,2026-02-20T06:12:00
stl_iLWceWwxJLQ6xV,pay_tLAQvc1v9r86eN,ord_7vlQwXqfAA9lsg,16463.2,batch_0003,settled,2026-01-29T05:12:00
stl_ft9SGVZe8NBQv2,pay_0S5NXFhmiXbIwX,ord_R9miekS9Y79PRI,14589.08,batch_0003,settled,2026-01-29T14:18:00
stl_edBEmLtST18iwI,pay_c1f6VqnJMb3HNs,ord_0pNIhsHFk6jOSL,42142.25,batch_0003,settled,2026-02-20T02:08:00
stl_i5tyM0KFFEIDbu,pay_H0A2TVwyJmIeFV,ord_j9C2EfyCoKdrL0,33658.78,batch_0003,settled,2026-01-26T09:09:00
stl_lpIn8srmRtv5Xq,pay_0TRGI9Dx7CHHP1,ord_MM0jQb6gbtjQzW,46034.0,batch_0003,settled,2026-03-17T11:22:00
stl_k2k59yE6752aJg,pay_aI5z52Dm7tO4fJ,ord_ZqIqgTod4noguD,34091.48,batch_0003,settled,2026-01-14T17:18:00
stl_N6wn7DC9xR4UXZ,pay_BquKJqwoPCjQ53,ord_XJUk13ZFfPliup,13113.19,batch_0003,settled,2026-01-22T02:25:00
stl_3B4xe72i1h9yh8,pay_UJcvd95e5bzVV8,ord_BQSE3BdizIIPtb,12797.42,batch_0004,settled,2026-01-02T06:21:00
stl_AE86PWtzjxUD0s,pay_FrYTtLPtsiOnsd,ord_M63oeKBP2pcBHU,38825.57,batch_0004,settled,2026-01-15T22:19:00
stl_oJpI6uVESTCTvi,pay_h9DpLm4IWxHwqF,ord_dxLceXKPnm4s4n,9582.18,batch_0004,settled,2026-03-08T06:16:00
stl_Ze9ObzxDNRf0Nu,pay_RA6l4GoMpvXe7C,ord_aFxMPMDEaIaGr8,955.42,batch_0004,settled,2026-03-12T09:08:00
stl_6AQOfMXSfjSNTt,pay_SF8dBZvV7yVbq9,ord_amiYY5sIJ0PHxT,39545.85,batch_0004,settled,2026-03-01T19:16:00
stl_Y18it6mt78sREJ,pay_AEeppMKmgs6uMX,ord_1azWSI9pGQkqqj,8443.65,batch_0004,settled,2026-01-25T13:11:00
stl_uXggnUIQnxCQQj,pay_5QHXw3HNfVOwOc,ord_Ze0XPispjAxBLK,26764.93,batch_0004,settled,2026-03-21T19:21:00
stl_mhPE7tyyhvCkPX,pay_lNAbMmKyRmUYdg,ord_ecSbvgX5TFIuAC,39908.01,batch_0004,settled,2026-02-26T17:28:00
stl_H9HUVBnATOp2bq,pay_z0EfbVsrHkCUVI,ord_5kkrl0M17EmxIO,20515.8,batch_0004,settled,2026-02-12T23:04:00
stl_UR2CEK10f8NR0X,pay_ORijtp0yiNMxeX,ord_vrHuRrq19Qf7W4,49625.06,batch_0004,settled,2026-03-17T23:25:00
stl_9AiexTgt2iVUi9,pay_POdMTUAffneKGB,ord_Ch1Ba7mQiOj5qO,12594.42,batch_0005,settled,2026-02-02T17:01:00
stl_JwQV7VbeqcdWFM,pay_FUsd37EgEKG895,ord_TvAXpNpLSr6b02,10351.74,batch_0005,settled,2026-02-24T18:05:00
stl_8MEFd1kjV3PhTa,pay_Rk7GWSkhWq2VbY,ord_ONtB7op5hLdPOk,731.98,batch_0005,settled,2026-01-13T17:09:00
stl_QauVxTtm8A78ir,pay_sWTpw89WTHXj5b,ord_exF3lX87eCr0uI,497.66,batch_0005,settled,2026-01-19T02:18:00
stl_ydsYk70IIfgXhd,pay_hwVCC0fYsRLn1j,ord_oqtXRTtqemWKjk,23356.15,batch_0005,settled,2026-02-05T16:23:00
stl_wHE4Fyltn3Wd9G,pay_MMOE2DfxzNXp9H,ord_ZucCkJYybQknlr,44182.85,batch_0005,settled,2026-01-06T22:01:00
stl_017x6ygsij6X7O,pay_kcdLbDuMXvlX1d,ord_0kKXR4bR6IIl92,24662.11,batch_0005,settled,2026-01-28T08:05:00
stl_xHgD1OQke0st7e,pay_fRN2BqpepgaxT8,ord_0VJltYLNgEuevt,31845.72,batch_0005,settled,2026-03-25T04:29:00
stl_wBqCoqdUPfvH8K,pay_PLmbksf0tyEOfH,ord_u8zI5HOsfyIEda,4472.66,batch_0005,settled,2026-03-15T07:06:00
stl_yMQyy2QdDqxuXt,pay_p44eyyurC2WMGA,ord_J8j6B6knlceQmY,7479.12,batch_0005,settled,2026-02-22T18:14:00
stl_a4OLapXs7NAxvp,pay_C4RqZFNhbxKl1K,ord_EGxdXeRzWGJk2m,2975.61,batch_0006,settled,2026-01-05T19:12:00
stl_T63UGbaTo2tgFs,pay_tdCmVJjWWiAAAD,ord_QGz1j9v939i1lf,16698.21,batch_0006,settled,2026-01-17T02:01:00
stl_3FMrWELWZ8wzjH,pay_gZchBhpRmQaAgG,ord_zoTiTKkwOc2pHd,49734.54,batch_0006,settled,2026-02-27T11:20:00
stl_DE3BdOa1GUSn72,pay_kwBM2fYly7qx0X,ord_C8qdY20wPAh03a,7005.88,batch_0006,settled,2026-02-28T05:21:00
stl_wdnCIMDOShVnvZ,pay_Et8UbzcIZX7N3I,ord_001eEo8dnNzoCX,22460.12,batch_0006,settled,2026-03-17T02:21:00
stl_78CizRUsR1S6Nm,pay_0DF5kJThyL2Fx8,ord_luUcNPh3CKF7aT,27705.99,batch_0006,settled,2026-02-09T22:30:00
stl_cxzWQ7dUm11BnN,pay_0QsUcYg1T1UIoW,ord_SP3H2AagxddqW8,34201.18,batch_0006,settled,2026-01-16T11:26:00
stl_Z8aPB4MM7Qt46x,pay_eRG7GWjHzv2Pus,ord_IiKpuSjjud5MPE,28676.58,batch_0006,settled,2026-02-03T13:25:00
stl_MUKRe5gWsfVByO,pay_CufdXIJoqyNAbP,ord_HMnNnQZmZ2TAYe,34333.57,batch_0006,settled,2026-01-05T00:18:00
stl_PorelEuOQjJY7k,pay_ZmlX0059CIsegS,ord_2icJyHfnTTn40i,9281.24,batch_0007,settled,2026-02-24T15:16:00
stl_ijJJ2jT6cVoqoP,pay_q3HOjy3K1iFfwa,ord_01iHq2eebFbKzK,45324.55,batch_0007,settled,2026-02-20T01:08:00
stl_Y6nLDDnziKVMFk,pay_oFrjjLYOzuhPDK,ord_OwOZGx4Gv1EDLF,7034.52,batch_0007,settled,2026-01-18T03:21:00
stl_aUaGGxmXzgAKqH,pay_6DVvX4ZJApV4fL,ord_cWFhDiLZ3WOGwc,26537.84,batch_0007,settled,2026-01-23T13:18:00
stl_BmOXrcLFokcoaj,pay_ZDLfqwLS5yOr7d,ord_1OUBRknyuIRRj7,364.0,batch_0007,settled,2026-01-10T18:25:00
stl_zvHRqryUvIltnJ,pay_BxDpvWQ31DpxWn,ord_Lm5Jqzges6X72Y,28787.2,batch_0007,settled,2026-03-02T05:23:00
stl_xgw1lqq7vlAzUw,pay_yUhGA6cv1WChGt,ord_PPMVHcDME931E9,45808.74,batch_0007,settled,2026-01-26T21:01:00
stl_PET3xrNikYuNJ0,pay_fUqwIYvzvQLJOH,ord_kE90GSWsIJyQdY,23879.32,batch_0007,settled,2026-02-24T17:25:00
stl_HqB8RkLNNIGNtv,pay_qjO2tprMiZbP1u,ord_0hopUUnyf6DdVG,49801.09,batch_0007,settled,2026-01-12T20:16:00
stl_CXu07dWeDl0YZh,pay_oV4YQrUYz0lrNM,ord_sVXLXHl2BpSOZn,4052.57,batch_0007,settled,2026-02-26T08:09:00
stl_Xho8WUXBlQwi3E,pay_p8KQQjVpEQu8Vd,ord_c6GpNm31nhNukr,6070.51,batch_0008,settled,2026-03-11T08:12:00
stl_GRpwLe5mE3eXdI,pay_IMuNgGeZi2mEgJ,ord_HCWFT2MwMtd7Yl,34192.89,batch_0008,settled,2026-03-09T08:27:00
stl_C7acrbi3a9ntV6,pay_j9Bvt9uxVATLIn,ord_OJ6IIUVJPRAgXI,25284.17,batch_0008,settled,2026-02-28T02:25:00
stl_ndTyBKFnryifJd,pay_vYz11oOLaWxscH,ord_neuDE3RYfNcYxW,46101.39,batch_0008,settled,2026-01-31T12:05:00
stl_bmHmGqDTiRbKPc,pay_cYmxU0gd651YaR,ord_AQJgzwlvOVkvYX,31196.79,batch_0008,settled,2026-02-08T14:04:00
stl_vyiTGQ2QzJAtLB,pay_yjvvMo8FYM23Yb,ord_x8FS4ELfm7ISc5,15315.88,batch_0008,settled,2026-02-12T19:18:00
stl_x0EilbVaqzU9Ue,pay_jlib9MLLKobeWi,ord_tI6ht2TV2zzB53,46669.18,batch_0008,settled,2026-01-26T08:28:00
stl_ubC332fuOSkTfR,pay_2Vrks4Q4COfFlK,ord_2WGBZc9GyTIFNd,14629.85,batch_0008,settled,2026-02-06T23:29:00
stl_UwcVu3YV0eDh1u,pay_LEnOCBLa2rMYml,ord_lSAtVBMhimMpC1,27220.71,batch_0008,settled,2026-01-03T11:02:00
stl_3CY5dGJQIbJu4X,pay_TmMzcvXnNQpesI,ord_G9viIGNElLR8ab,31310.49,batch_0008,settled,2026-01-12T01:25:00
stl_c02u3gVUbVNnmr,pay_vD2tuVg8G9mcy1,ord_zEoC6nsgWW4BbD,25052.71,batch_0009,settled,2026-01-20T05:04:00
stl_6i3pwl4u1uEegD,pay_BwumVYe5VJfXRg,ord_peMvBiDPgdAlKK,41825.1,batch_0009,settled,2026-03-02T16:10:00
stl_4NajjGyJmQtJ4s,pay_KCIYk7egYVxEOf,ord_jDemRA8JvRkPTS,41853.73,batch_0009,settled,2026-01-12T18:27:00
stl_CAYxnAaETSq5Jc,pay_j9PieaSEB9fNzC,ord_grbAKMSzAnkiI0,18078.37,batch_0009,settled,2026-02-06T14:26:00
stl_heWpMrpTL4TOwk,pay_8skRLsWqNJJOsT,ord_DT7eNXtdvWDFDT,21108.7,batch_0009,settled,2026-03-26T23:01:00
stl_lEiVnN4SgeJpB3,pay_VQPVpWrdy9qYle,ord_Rh1iO3J73RpC6N,46142.5,batch_0009,settled,2026-01-25T14:30:00
stl_znOG61HToeTEb4,pay_eCVOkcxlR3NwfN,ord_eoxQWhH9usd9Ow,42681.77,batch_0009,settled,2026-02-02T00:24:00
stl_RKrQXDhiqBokQK,pay_qUkwkpKiXNxj2f,ord_nXAY8Qu8JiZXVK,16841.64,batch_0009,settled,2026-01-14T07:01:00
stl_goozm3eKdBnLlx,pay_3CgdHjbFeoBJzU,ord_VOrmXQ8DkPcNrA,16781.3,batch_0009,settled,2026-03-12T16:29:00
stl_oIaT6isOfDsR1U,pay_pAn5643zc9TFAy,ord_WNLk81f1E9KZrT,36835.33,batch_0010,settled,2026-01-23T01:26:00
stl_3FAdxCFZDGZ3Cw,pay_wkIeRm8ohD6J7n,ord_URLJmQMu5F4wdx,23321.11,batch_0010,settled,2026-01-07T11:24:00
stl_cvCk5Sr80QPjoc,pay_uJOWEPGICJ3tWo,ord_2GMs8HivBNsd2o,47377.69,batch_0010,settled,2026-02-27T00:12:00
stl_Vmf0P78yELFdPy,pay_4BQT3iIty0BfdN,ord_V65j8HFOs38U9P,39998.85,batch_0010,settled,2026-03-07T04:19:00
stl_jsNNhPrl4NbVE8,pay_qkCJ4mZrEZsKET,ord_8A3iKfmD19e7Uf,20532.09,batch_0010,settled,2026-03-23T00:08:00
stl_DtwY3LVvSbYn1i,pay_ut0XqRwHviirWz,ord_2ikqA4wrG6FVlf,37656.16,batch_0010,settled,2026-02-17T09:30:00
stl_0DRlPgZ8AFzVtC,pay_jFToJgJanlr3H8,ord_4csafhLKmPbjUr,29029.59,batch_0010,settled,2026-02-03T01:04:00
stl_X6wP69FjChEo6b,pay_8T3kwmm0zoAEVV,ord_1le0DQl9EgBOfi,20326.7,batch_0010,settled,2026-02-23T09:19:00
stl_E8Mv8tbcZvUb3v,pay_OW2kAtyVJEIHDI,ord_PEqv1H7bA4xtxC,1739.7,batch_0010,settled,2026-02-18T12:06:00
stl_JKqJGAveZFsPtz,pay_VvMwBE0W0Hrc9y,ord_OAFAbDbtJtgEQm,25073.38,batch_0010,settled,2026-03-13T05:08:00
stl_qbWrINcSWd3tsd,pay_0qrjQoojbXtE9A,ord_MVAJMGwjjQsAtZ,3314.93,batch_0011,settled,2026-01-20T08:29:00
stl_P6QWoIt7wYh11y,pay_KEx6tAQ726wSYb,ord_EfLVtZTXU6ngnr,20477.94,batch_0011,settled,2026-03-17T15:29:00
stl_QXtDTqQZXmzl26,pay_CbdNNXiyMtfjG8,ord_eWET5uA4gjqeAT,27431.61,batch_0011,settled,2026-01-31T21:27:00
stl_67LUcpMsyw8IJq,pay_AmnZTllXb8oBpK,ord_w6hSA5CPhSl1Wr,24758.99,batch_0011,settled,2026-01-15T02:21:00
stl_fur8hx5gubCRDM,pay_ocqRB95cwREE01,ord_3qZ5GBkTE6I5NB,9527.11,batch_0011,settled,2026-01-07T15:04:00
stl_MAAcvCnQjENGsB,pay_sXT54LwfwmByqL,ord_de7xyl71f0kWrU,32737.81,batch_0011,settled,2026-01-13T06:03:00
stl_17LEM8wPQyshag,pay_Mq72llUL2gHahk,ord_YwKVbTCW0czRtS,37891.98,batch_0011,settled,2026-02-09T09:16:00
stl_O3hMOBBkTDBFKQ,pay_TKIsEEKLQYESGA,ord_3TBEbBpsZyug0A,20842.73,batch_0011,settled,2026-02-15T07:11:00
stl_dNSOGsyQIsU4ar,pay_7GQ6BVSGeuyVAy,ord_YvFfxUwPjUAoXz,20524.54,batch_0011,settled,2026-02-12T03:02:00
stl_nYEhv1zJJ3WDSL,pay_7LzhJcjx9sEXiK,ord_6TzkFEC8FGRCcj,27995.43,batch_0012,settled,2026-03-21T15:02:00
stl_5vlbGxf8HrlVj7,pay_UFbOG7rmZ0JfHt,ord_TO1RJXRIhIlMJd,28555.19,batch_0012,settled,2026-01-20T03:19:00
stl_cTIsyhiIrAL7tQ,pay_VOhJB0FWiHkp77,ord_KEUxhdCzEzo2q7,33787.36,batch_0012,settled,2026-01-24T00:18:00
stl_n87cERLa9NgrFk,pay_ZwkVRaC6Bnbr5w,ord_akIREyf2OH3YBh,48604.75,batch_0012,settled,2026-02-03T02:03:00
stl_4mudMbAbX50pD7,pay_EGcSc4Htyu2Y9n,ord_9QHpIC6N6d6A9q,34040.66,batch_0012,settled,2026-02-10T19:23:00
stl_hFwDMlichKFOwK,pay_axX2Mv6WCulgKe,ord_WdXdLAgdd0yMz1,39394.99,batch_0012,settled,2026-02-26T05:26:00
stl_3ConAxj0pfUsGo,pay_Mky2UxGlSGD7DK,ord_cMlHWudX2082mf,23586.3,batch_0012,settled,2026-02-27T14:21:00
stl_oSnoKIDYvf0A6z,pay_9UT4asYWzzJODF,ord_FNW5gecmmusYQr,35311.57,batch_0012,settled,2026-01-14T18:25:00
stl_sGCwau4y9izUy4,pay_xDu7NskPlZLbm4,ord_HubW5j7uNLL18m,19767.66,batch_0013,settled,2026-02-16T14:13:00
stl_eT34zVhwUFWzkm,pay_0zlMAxORfRc2j2,ord_yYG42CJTr2CRSs,30690.07,batch_0013,settled,2026-03-12T02:18:00
stl_dxmp4mabaYQd7f,pay_qBlS3HBcNGPOgQ,ord_eIp6iY0kbgsHye,38203.09,batch_0013,settled,2026-03-02T19:15:00
stl_LKxNoK9oM3tTUM,pay_0k7L8RQ8RuN2t0,ord_ytyCeYOwensL8g,26855.46,batch_0013,settled,2026-03-21T16:16:00
stl_tSpkprBNqWe8yk,pay_tBa1elNimfKZ5o,ord_XzYUoTvmd49XRn,43648.02,batch_0013,settled,2026-02-16T11:03:00
stl_EQRO5TpcYNPROq,pay_8xENKzc5xJmBp4,ord_xsrIDuSm4a1Txz,20849.43,batch_0013,settled,2026-02-05T16:24:00
stl_ml6BYldlVq3zMM,pay_iU5yt9YaeRGOTk,ord_2kAQFH2KTU51gJ,39896.94,batch_0013,settled,2026-03-14T11:12:00
stl_MODzl97YbwcYuB,pay_yL82Xa1yZ5bhG6,ord_gGaL9V5DuAw39Y,47055.45,batch_0013,settled,2026-03-01T18:25:00
stl_qsgvKl6JhtxTtK,pay_UOfASj53VnpD3h,ord_2WSbEfZ99C37DH,12243.46,batch_0013,settled,2026-01-16T13:05:00
stl_Y4jbyADvyeTr5R,pay_ns7dYjS05nT5W1,ord_ZECLjPXRLt9h9R,23966.31,batch_0013,settled,2026-03-15T17:24:00
stl_1OrOwhfEPFbJJq,pay_hFuAjSphysKkUW,ord_UTaTJQ9j6A05f8,9063.68,batch_0014,settled,2026-01-08T11:26:00
stl_6GWOBJRG9vHngY,pay_XhhmjI0c8FwHA6,ord_YWGdZHYOUmOh1R,365.67,batch_0014,settled,2026-02-09T03:01:00
stl_g8n7WhG2KYfvJr,pay_j9AbLehgHeNwuq,ord_C6P6imNqNOSIOF,8285.75,batch_0014,settled,2026-03-14T02:28:00
stl_fr5Ya6P5iEQPHh,pay_r7GS5oNfsV0Neo,ord_FjhxTdS8RpLRl9,39943.6,batch_0014,settled,2026-02-13T20:03:00
stl_jOoysAlYgB0kvA,pay_01rDqaNy557F35,ord_7P2Gne0F7Axxh4,12563.28,batch_0014,settled,2026-02-18T00:29:00
stl_pYmRYRFl9KNoic,pay_oQv8TArEVpjFpV,ord_EQhUWyTTZi7Xhv,781.08,batch_0014,settled,2026-03-01T09:28:00
stl_jhzS3V0IvwNhBD,pay_ugPQViwYUKLorK,ord_qrvztccdUnD4gl,47421.58,batch_0014,settled,2026-02-04T00:03:00
stl_avLwfRISzLudYZ,pay_q0sqhnHsN6ri2d,ord_8kUxWyqljnR2XC,35416.93,batch_0014,settled,2026-02-15T19:08:00
stl_YLxbZVNcpfiMa7,pay_lETObklyLeep48,ord_mBumN1yBTAjDEC,40798.34,batch_0014,settled,2026-01-17T00:04:00
stl_QjPsYvg4P5YSea,pay_Zgkgg7wMh553Ll,ord_bcHg2zanoxvr5Q,34369.64,batch_0014,settled,2026-03-04T00:17:00
stl_1Ysi084pZdi7Rx,pay_KAJQURoa9bI75d,ord_vED8LNi65xIHEH,11582.71,batch_0015,settled,2026-01-09T03:12:00
stl_dyY8LeQDOzxdxA,pay_aZQ2IZ4FRAj8G8,ord_VDiG6DSBNagdNL,8761.65,batch_0015,settled,2026-01-16T16:05:00
stl_onQiS9F9LGVBis,pay_iPu3FFWbXD1cjQ,ord_q8JIWct6awrymU,36311.84,batch_0015,settled,2026-03-28T02:03:00
stl_n2PvDHYglg7yAy,pay_VB568EwrzMQBFM,ord_H8Wfft5krwflVp,23715.72,batch_0015,settled,2026-01-23T20:11:00
stl_QyaWLePMu96UTt,pay_An3ld3A7sm6DHW,ord_6wADd17QqNfezs,35639.11,batch_0015,settled,2026-03-17T08:23:00
stl_0QBrM519XgOMzE,pay_1ROCzvHGVhkAkK,ord_cUlRWLnnlQ7wws,15417.57,batch_0015,settled,2026-03-14T21:18:00
stl_JhN8k4GBgXFNW0,pay_4cbX0GTtkJAIyM,ord_4zYRTaxnr2qZXz,12429.24,batch_0015,settled,2026-03-21T19:13:00
stl_EMnA3NBjs4ON0h,pay_MNJgCKgr3fEwZy,ord_T8NWlOnm0TYxqd,4239.87,batch_0015,settled,2026-01-15T06:16:00
stl_LAJxNdkcFKsZN7,pay_pm0S7gXKkmSABK,ord_nunT6qD7vIsUEF,20057.11,batch_0015,settled,2026-01-19T11:09:00
stl_r0y34cNefXSrUy,pay_ttmXE9AhkuxJrN,ord_JtoernnIS6YPJO,34138.38,batch_0015,settled,2026-02-10T03:28:00
stl_oDErVDfVSvZpO1,pay_euLYqkiCh1U37z,ord_91SofSYYHaQd2c,2495.37,batch_0016,settled,2026-01-29T23:15:00
stl_dqgOTAsyKGEAQO,pay_gCggbCqDGvhIvn,ord_CjF4nw81FWlrkt,43504.59,batch_0016,settled,2026-02-26T07:13:00
stl_cbQsoFUWgXuEvH,pay_uC7PAb82kVavDa,ord_mWvrKTfFRDs4ot,3565.79,batch_0016,settled,2026-01-19T23:28:00
stl_C8Xr8EQCj7MPsr,pay_H492k4vuK6rlJR,ord_81OiEpT8wUm7N7,43869.49,batch_0016,settled,2026-03-01T22:27:00
stl_x2BiBt5SDAAzbI,pay_35LkB2XiVpzmss,ord_Vjfq9mKfnDvYNA,48348.65,batch_0016,settled,2026-01-11T08:30:00
stl_Q1MANlYOkTHDrP,pay_dmiTEnP0st9aEQ,ord_VG0fq9gKYJQ1hK,25589.96,batch_0016,settled,2026-03-06T04:04:00
stl_Xg2Tx85dpcUBxN,pay_jOIC1iWO5e0D7L,ord_Mc47DSr8w1FvRy,3232.01,batch_0016,settled,2026-02-26T23:06:00
stl_dHbYrZyw2jrHoG,pay_lmZFw30XBM2JhG,ord_lKNPmY3wzHelT4,32147.4,batch_0016,settled,2026-02-15T08:04:00
stl_1QTIdVRAAiB38w,pay_53DiSgEnvDW2o5,ord_HT5P2oe64RVc86,29947.57,batch_0016,settled,2026-02-23T06:01:00
stl_mi8oTnxYi8ROCh,pay_w4nS6WsOGqRFd3,ord_dBrtL39iyOOe6m,35292.23,batch_0016,settled,2026-03-13T09:23:00
stl_9o4rQr9VsJcrqp,pay_ATTdgySQ16CJJG,ord_HObV64UuZqUnbS,31114.37,batch_0017,settled,2026-03-18T21:06:00
stl_eBFouxZzN2iuWu,pay_OlFBtIo798a00H,ord_d6rLtdlVr1hNjM,2574.03,batch_0017,settled,2026-01-12T18:02:00
stl_UhoT2wvF4OLBzJ,pay_zT0GdDGBqZsppV,ord_WS6xKOjVO779J9,31553.19,batch_0017,settled,2026-03-05T15:12:00
stl_NTBURTSKYFjaKP,pay_44vyISh33KM9cT,ord_mlCkzVSDg1Zbke,25793.36,batch_0017,settled,2026-02-17T04:12:00
stl_firP8XUnejuCTP,pay_k6qLgorfIFkLc3,ord_tliYT9nGJMgrhq,22001.95,batch_0017,settled,2026-03-18T13:18:00
stl_Hsn73VABpAk7Ov,pay_LScQMNovG7202P,ord_x6PqjYTrm261Ua,3456.34,batch_0017,settled,2026-02-19T14:16:00
stl_ZySrkxzIpa0UGF,pay_8LiH6bxWuvVddn,ord_tyBy4qTvYtzJkm,31301.8,batch_0017,settled,2026-03-24T21:18:00
stl_VSCJbVBDgtiNfI,pay_qmqODsf7ID4Hpb,ord_FRTbUH4fKyZ1WA,37199.82,batch_0017,settled,2026-01-27T18:16:00
stl_VKrY2PDkW9fXjk,pay_1KsMzpHOejTrqg,ord_aRmfCfMKeN2val,14280.96,batch_0017,settled,2026-03-20T18:26:00
stl_159NED2UYcb3jT,pay_l11VvAM25lx59m,ord_GG2076ZS0IEWQI,21827.13,batch_0018,settled,2026-01-31T17:12:00
stl_UidRlitol2ksRq,pay_rmFkUZaqvvJRJC,ord_3k9SwaPzPdlVjq,8712.0,batch_0018,settled,2026-01-06T19:04:00
stl_lbYCJAyZpxuQs8,pay_KxxKcRN1aAuOg4,ord_Qrv8IUqFnnq5GN,23812.97,batch_0018,settled,2026-02-10T20:10:00
stl_VfhViV3YTAyeET,pay_l1BSjIWajgIynD,ord_8Uiu78tVXCkaj2,15133.99,batch_0018,settled,2026-01-10T20:13:00
stl_XBxDuHwW8GxPju,pay_g1XatJxCE7yVsq,ord_fxljtPDq7lyGgX,17379.71,batch_0018,settled,2026-03-07T12:21:00
stl_8e5UAb6pO2ZAhl,pay_iE3vCM445YJcuc,ord_sYHlwbuNKwcTpf,4819.17,batch_0018,settled,2026-03-06T00:20:00
stl_pc07NIvm9wstPb,pay_rSZKNuy5avvBCU,ord_ylramWOrCWNgnR,11130.78,batch_0018,settled,2026-02-25T04:07:00
stl_OQgJzzlbnLFeJz,pay_27VtHy1ECZB5lr,ord_yngr1V98Ivn3rV,31550.76,batch_0018,settled,2026-02-27T16:18:00
stl_L9SBZdYZScy5NB,pay_XZ24pSeUQzGDxW,ord_2k65us3mCpL9X8,25060.73,batch_0018,settled,2026-01-11T11:09:00
stl_jawF1GD38NKFGx,pay_ws6jNDBsURjsxN,ord_CRUUvQuBprciGb,44020.51,batch_0018,settled,2026-02-20T02:01:00
stl_HlWVnFtGgsLJjj,pay_ItB86Et8DkeAs5,ord_KNU9pzqNuDrOqG,17123.0,batch_0019,settled,2026-03-01T20:15:00
stl_rw5giUuWzjjsmf,pay_YmPpZbAxITXMBq,ord_iuvUBAyzVz8vX8,38375.73,batch_0019,settled,2026-01-03T15:03:00
stl_X0f5L9UVArB2TO,pay_G4FbBbFXWEJNTJ,ord_Untowm8qL5iNAX,39925.04,batch_0019,settled,2026-03-13T23:18:00
stl_FJGkm6Tw9znfFD,pay_L0WH7utomsAq6n,ord_1KVHOmY53SJljt,5134.73,batch_0019,settled,2026-02-18T12:12:00
stl_zx0MbbbDTizHVS,pay_nTsMZzkGjYPw5W,ord_NyD6rOuipJhjRV,3152.95,batch_0019,settled,2026-03-11T11:01:00
stl_xjT0UXNX8aNZoy,pay_USrMppTsSCKG9q,ord_D3hOwMSDU0mni6,11355.04,batch_0019,settled,2026-01-09T00:29:00
stl_gkNM0Uj6L1r76s,pay_8ZhShvCI678lY2,ord_u3pYEIPPvGdwN7,6398.79,batch_0019,settled,2026-01-23T09:17:00
stl_Lj2US26cZpMAkS,pay_TKPmiruNGGVLoB,ord_iYVY6pWOylZe7r,44642.66,batch_0019,settled,2026-01-13T12:27:00
stl_P4AyUvW0JG6YMW,pay_9ZELJL1PcgZNgf,ord_rSrpFAZ8fgXpEK,33314.86,batch_0019,settled,2026-01-12T20:25:00
stl_X3U7ugK4RIUHyR,pay_uMTZoZgSNtElxq,ord_rWuRNVjI1OTUWk,25041.84,batch_0020,settled,2026-01-09T14:23:00
stl_8Xqw36tw7i19pH,pay_apbLZzIJz0KM38,ord_M8unZpj9bnRn2B,40841.64,batch_0020,settled,2026-01-14T09:24:00
stl_V9Zb5TufzRQXxD,pay_J6TSER69nCHPuJ,ord_ZCBKe9bBO3DRdv,47741.24,batch_0020,settled,2026-01-26T13:29:00
stl_3Xh55gQKkgljMu,pay_Mlnv24LJ3R2ljY,ord_2dIQfa9ausXJxe,8702.41,batch_0020,settled,2026-02-26T07:01:00
stl_c6tK3HNTHcsl7d,pay_iVsMzxEEtEyEWr,ord_5Y4R0gGPtGJGyH,10126.51,batch_0020,settled,2026-01-31T08:22:00
stl_0lWpaQcVhQehjX,pay_jLMq5QS3t6O4za,ord_Na5mQ5aoYZ99Zx,41905.59,batch_0020,settled,2026-01-05T19:27:00
stl_jsdlmOB2epGIi7,pay_BVPF8VScaj1pkC,ord_6IEh9DgoZlVXoM,21961.62,batch_0020,settled,2026-01-14T04:29:00
stl_iCSHoy0v6AzTBy,pay_v9C5jHwiNk792w,ord_J1VcHbZDJxQx4o,24579.06,batch_0020,settled,2026-01-24T08:01:00
stl_ELVGMcgeb51uf5,pay_lBRxPqUIjyWmzD,ord_xtyDHC471zmu3O,46862.39,batch_0020,settled,2026-02-08T20:28:00
stl_eisyj9XP7tS6fL,pay_2DDVK9wBJBbEPv,ord_jzHMjID8Q48PjB,37808.11,batch_0020,settled,2026-01-14T13:11:00
stl_eVSaUfK4wQQeq0,pay_2Vrks4Q4COfFlK,ord_2WGBZc9GyTIFNd,14629.85,batch_9461,settled,2026-02-06T23:29:00
